,Account length,Area code,International plan,Voice mail plan,Number vmail messages,Total day minutes,Total day calls,Total day charge,Total eve minutes,Total eve calls,Total eve charge,Total night minutes,Total night calls,Total night charge,Total intl minutes,Total intl calls,Total intl charge,Customer service calls,Hie_Clus
0,117.0,408.0,0,0,0.0,184.5,97.0,31.37,334.54999999999995,80.0,28.4275,215.8,90.0,9.71,8.7,4.0,2.35,1.0,2
1,65.0,415.0,0,0,0.0,129.1,137.0,21.95,228.5,83.0,19.42,208.8,111.0,9.4,12.7,6.0,3.43,3.5,3
2,161.0,415.0,0,0,0.0,332.375,67.0,56.510000000000005,317.8,97.0,27.01,160.6,128.0,7.23,5.4,9.0,1.46,3.5,1
3,111.0,415.0,0,0,0.0,110.4,103.0,18.77,137.3,102.0,11.67,189.6,105.0,8.53,7.7,6.0,2.08,2.0,4
4,49.0,425.5,0,0,0.0,119.3,117.0,20.28,215.1,109.0,18.28,178.7,90.0,8.04,11.1,1.0,3.0,1.0,3
5,36.0,408.0,0,1,30.0,146.3,128.0,24.87,162.5,80.0,13.81,129.3,109.0,5.82,14.5,6.0,3.92,0.0,2
6,65.0,415.0,0,0,0.0,211.3,120.0,35.92,162.6,122.0,13.82,134.7,118.0,6.06,13.2,5.0,3.56,3.0,2
7,119.0,415.0,0,0,0.0,159.1,114.0,27.05,231.3,117.0,19.66,143.2,91.0,6.44,8.8,3.0,2.38,3.5,2
8,10.0,408.0,0,0,0.0,186.1,112.0,31.64,190.2,66.0,16.17,282.8,57.0,12.73,11.4,6.0,3.08,2.0,3
9,68.0,415.0,0,0,0.0,148.8,70.0,25.3,246.5,150.5,20.95,129.8,103.0,5.84,12.1,3.0,3.27,3.0,2
10,74.0,425.5,0,1,33.0,193.7,91.0,32.93,246.1,96.0,20.92,138.0,92.0,6.21,14.6,3.0,3.94,2.0,2
11,85.0,415.0,0,0,0.0,235.8,109.0,40.09,157.2,94.0,13.36,188.2,99.0,8.47,12.0,3.0,3.24,0.0,4
12,46.0,415.0,0,0,0.0,214.1,72.0,36.4,164.4,104.0,13.97,177.5,113.0,7.99,8.2,3.0,2.21,2.0,2
13,128.0,425.5,0,1,29.0,179.3,104.0,30.48,225.9,86.0,19.2,323.0,78.0,14.54,8.6,7.0,2.32,0.0,3
14,155.0,415.0,0,0,0.0,203.4,100.0,34.58,190.9,104.0,16.23,196.0,119.0,8.82,8.9,4.0,2.4,0.0,4
15,73.0,415.0,0,0,0.0,160.1,110.0,27.22,213.3,72.0,18.13,174.1,72.0,7.83,13.0,4.0,3.51,0.0,3
16,77.0,415.0,0,0,0.0,251.8,72.0,42.81,205.7,126.0,17.48,275.2,109.0,12.38,9.8,7.0,2.65,2.0,1
17,108.0,415.0,0,0,0.0,178.3,137.0,30.31,189.0,76.0,16.07,129.1,102.0,5.81,14.6,5.0,3.94,0.0,2
18,95.0,408.0,0,0,0.0,135.0,99.0,22.95,183.6,106.0,15.61,245.3,102.0,11.04,12.5,9.0,3.38,1.0,3
19,36.0,425.5,0,1,29.0,281.4,102.0,47.84,202.2,76.0,17.19,187.2,113.0,8.42,9.0,6.0,2.43,2.0,1
20,141.0,415.0,0,1,32.0,148.6,91.0,25.26,131.1,97.0,11.14,219.4,142.0,9.87,10.1,1.0,2.73,1.0,4
21,63.0,415.0,0,0,0.0,58.9,125.0,10.01,169.6,59.0,14.42,211.4,88.0,9.51,9.4,3.0,2.54,1.0,3
22,97.0,408.0,0,0,0.0,239.8,125.0,40.77,214.8,111.0,18.26,143.3,81.0,6.45,8.7,5.0,2.35,2.0,1
23,75.0,408.0,0,0,0.0,166.3,125.0,28.27,158.2,86.0,13.45,256.7,80.0,11.55,6.1,5.0,1.65,1.0,3
24,127.0,408.0,0,0,0.0,146.7,91.0,24.94,203.5,78.0,17.3,203.4,110.0,9.15,13.7,3.0,3.7,1.0,4
25,121.0,408.0,0,0,0.0,181.5,121.0,30.86,218.4,98.0,18.56,161.6,103.0,7.27,8.5,5.0,2.3,1.0,2
26,117.0,415.0,0,0,0.0,102.8,119.0,17.48,206.7,91.0,17.57,299.0,105.0,13.46,10.1,7.0,2.73,1.0,3
27,65.0,408.0,0,0,0.0,187.9,116.0,31.94,157.6,117.0,13.4,227.3,86.0,10.23,7.5,6.0,2.03,1.0,3
28,6.0,425.5,0,0,0.0,183.6,117.0,31.21,256.7,72.0,21.82,178.6,79.0,8.04,10.2,2.0,2.75,1.0,2
29,32.0,425.5,0,0,0.0,230.9,87.0,39.25,187.4,90.0,15.93,154.0,53.0,6.93,6.3,2.0,1.7,0.0,2
30,64.0,408.0,0,1,27.0,182.1,91.0,30.96,169.7,98.0,14.42,164.7,86.0,7.41,10.6,5.0,2.86,2.0,2
31,25.0,415.0,0,0,0.0,119.3,87.0,20.28,211.5,101.0,17.98,268.9,86.0,12.1,10.5,4.0,2.84,3.0,3
32,65.0,415.0,0,0,0.0,116.8,87.0,19.86,178.9,93.0,15.21,182.4,150.0,8.21,14.1,2.0,3.81,1.0,3
33,127.0,415.0,0,0,0.0,202.1,103.0,34.36,229.4,86.0,19.5,195.2,113.0,8.78,11.5,3.0,3.11,2.0,2
34,93.0,415.0,0,0,0.0,271.6,71.0,46.17,229.4,108.0,19.5,77.3,121.0,3.48,10.9,3.0,2.94,2.0,2
35,206.0,425.5,0,0,0.0,326.5,67.0,55.51,176.3,113.0,14.99,181.7,102.0,8.18,10.7,6.0,2.89,2.0,4
36,122.0,415.0,0,0,0.0,243.8,98.0,41.45,83.9,72.0,7.13,179.8,84.0,8.09,13.7,8.0,3.7,2.0,4
37,99.0,415.0,0,0,0.0,241.1,72.0,40.99,155.6,98.0,13.23,188.2,109.0,8.47,11.6,10.0,3.13,1.0,4
38,65.0,415.0,0,0,0.0,136.1,112.0,23.14,272.9,96.0,23.2,220.2,104.0,9.91,4.4,2.0,1.19,1.0,2
39,65.0,415.0,0,0,0.0,213.4,111.0,36.28,234.5,94.0,19.93,250.1,123.0,11.25,3.424999999999998,4.0,0.9174999999999998,1.0,1
40,45.0,415.0,0,1,22.0,196.6,84.0,33.42,313.2,92.0,26.62,163.3,108.0,7.35,11.9,3.0,3.21,0.0,2
41,139.0,425.5,0,0,0.0,134.4,106.0,22.85,211.3,98.0,17.96,193.6,125.0,8.71,10.2,2.0,2.75,3.5,4
42,206.0,425.5,0,0,0.0,83.6,148.0,14.21,120.9,91.0,10.28,226.6,110.0,10.2,10.7,9.0,2.89,0.0,4
43,94.0,408.0,0,0,0.0,181.8,85.0,30.91,202.4,98.0,17.2,245.9,97.0,11.07,9.2,2.0,2.48,3.5,3
44,119.0,425.5,0,1,23.0,154.0,114.0,26.18,278.0,137.0,23.63,228.4,112.0,10.28,11.8,4.0,3.19,2.0,2
45,86.0,425.5,0,1,41.0,119.0,101.0,20.23,230.0,134.0,19.55,236.9,58.0,10.66,9.5,3.0,2.57,0.0,3
46,106.0,408.0,0,1,32.0,165.9,126.0,28.2,216.5,93.0,18.4,173.1,86.0,7.79,14.1,8.0,3.81,3.5,2
47,92.0,408.0,1,0,0.0,62.6,111.0,10.64,180.6,126.0,15.35,221.7,80.0,9.98,10.4,2.0,2.81,1.0,3
48,78.0,425.5,0,0,0.0,168.3,110.0,28.61,221.2,73.0,18.8,241.0,136.0,10.85,12.5,1.0,3.38,1.0,3
49,155.0,408.0,0,0,0.0,262.4,55.0,44.61,194.6,113.0,16.54,146.5,85.0,6.59,8.3,6.0,2.24,2.0,4
50,64.0,425.5,0,1,48.0,94.4,104.0,16.05,136.2,101.0,11.58,147.4,89.0,6.63,4.5,4.0,1.22,0.0,3
51,83.0,415.0,0,0,0.0,221.4,103.0,37.64,231.8,103.0,19.7,122.5,100.0,5.51,9.8,5.0,2.65,3.0,2
52,144.0,408.0,0,1,48.0,189.8,96.0,32.27,123.4,67.0,10.49,214.2,106.0,9.64,6.5,2.0,1.76,2.0,4
53,143.0,415.0,0,0,0.0,172.3,97.0,29.29,174.0,108.0,14.79,188.2,119.0,8.47,13.0,4.0,3.51,2.0,4
54,81.0,415.0,0,0,0.0,198.4,93.0,33.73,210.9,108.0,17.93,193.3,71.0,8.7,10.4,6.0,2.81,2.0,2
55,145.0,408.0,0,1,24.0,147.5,90.0,25.08,175.7,108.0,14.93,252.1,102.0,11.34,15.6,3.0,4.21,2.0,3
56,89.0,425.5,0,0,0.0,303.9,95.0,51.66,260.9,114.0,22.18,312.1,89.0,14.04,5.3,3.0,1.43,1.0,1
57,199.0,415.0,0,1,34.0,230.6,121.0,39.2,219.4,99.0,18.65,299.3,94.0,13.47,8.0,2.0,2.16,0.0,1
58,96.0,415.0,0,1,37.0,172.7,93.0,29.36,120.1,116.0,10.21,216.1,86.0,9.72,10.3,5.0,2.78,3.5,4
59,94.0,415.0,0,0,0.0,181.5,98.0,30.86,199.9,88.0,16.99,287.7,114.0,12.95,6.6,5.0,1.78,1.0,4
60,127.0,415.0,0,0,0.0,266.6,106.0,45.32,264.8,150.5,22.51,207.2,119.0,9.32,5.9,2.0,1.59,1.0,1
61,121.0,408.0,0,0,0.0,170.4,108.0,28.97,334.54999999999995,68.0,28.4275,297.0,87.0,13.37,11.2,3.0,3.02,0.0,3
62,122.0,408.0,0,0,0.0,296.4,99.0,50.39,214.8,89.0,18.26,133.9,107.0,6.03,11.4,3.0,3.08,3.5,1
63,121.0,408.0,0,1,35.0,68.7,95.0,11.68,209.2,69.0,17.78,197.4,44.75,8.88,11.4,4.0,3.08,1.0,3
64,77.0,425.5,0,0,0.0,233.8,104.0,39.75,266.5,94.0,22.65,212.7,104.0,9.57,7.6,3.0,2.05,2.0,1
65,64.0,408.0,1,0,0.0,236.2,77.0,40.15,218.6,85.0,18.58,194.1,97.0,8.73,13.2,2.0,3.56,2.0,1
66,124.0,408.0,1,0,0.0,244.6,89.0,41.58,188.8,80.0,16.05,206.0,114.0,9.27,11.3,4.0,3.05,1.0,4
67,148.0,415.0,0,0,0.0,124.4,83.0,21.15,179.7,81.0,15.27,253.0,99.0,11.39,11.3,6.0,3.05,0.0,3
68,77.0,408.0,0,0,0.0,230.0,87.0,39.1,103.2,138.0,8.77,309.6,136.0,13.93,11.3,3.0,3.05,2.0,4
69,135.0,415.0,0,0,0.0,201.8,81.0,34.31,225.0,114.0,19.13,204.4,82.0,9.2,10.3,6.0,2.78,1.0,2
70,87.0,415.0,0,1,21.0,214.0,113.0,36.38,180.0,114.0,15.3,134.5,82.0,6.05,10.6,5.0,2.86,0.0,2
71,54.0,425.5,0,0,0.0,210.5,102.0,35.79,204.5,83.0,17.38,127.8,53.0,5.75,8.5,5.0,2.3,1.0,2
72,35.0,415.0,0,0,0.0,105.6,129.0,17.95,258.2,129.0,21.95,213.1,77.0,9.59,8.7,3.0,2.35,0.0,3
73,84.0,408.0,0,0,0.0,138.6,102.0,23.56,199.0,93.0,16.92,204.1,137.0,9.18,7.8,4.0,2.11,0.0,3
74,94.0,415.0,0,0,0.0,234.4,103.0,39.85,279.3,109.0,23.74,234.2,121.0,10.54,3.424999999999998,2.0,0.9174999999999998,1.0,1
75,96.0,408.0,0,1,26.0,145.8,108.0,24.79,192.2,89.0,16.34,165.1,96.0,7.43,9.9,2.0,2.67,1.0,2
76,64.0,415.0,0,0,0.0,97.2,80.0,16.52,186.2,90.0,15.83,189.0,92.0,8.5,10.4,6.0,2.81,2.0,3
77,85.0,415.0,0,0,0.0,259.8,85.0,44.17,242.3,117.0,20.6,168.8,72.0,7.6,5.4,1.0,1.46,0.0,1
78,117.0,408.0,0,0,0.0,239.9,84.0,40.78,174.8,106.0,14.86,209.5,93.0,9.43,9.8,2.0,2.65,0.0,4
79,112.0,415.0,0,1,16.0,221.6,110.0,37.67,130.2,123.0,11.07,200.0,108.0,9.0,11.3,3.0,3.05,1.0,4
80,129.0,425.5,1,0,0.0,192.9,131.0,32.79,185.5,101.0,15.77,205.2,130.0,9.23,10.9,4.0,2.94,1.0,4
81,140.0,408.0,0,0,0.0,173.2,91.0,29.44,196.8,106.0,16.73,209.3,128.0,9.42,11.2,5.0,3.02,3.0,4
82,81.0,415.0,0,0,0.0,153.5,99.0,26.1,197.6,102.0,16.8,198.5,86.0,8.93,6.3,2.0,1.7,2.0,3
83,70.0,425.5,0,0,0.0,59.5,103.0,10.12,257.2,106.0,21.86,208.3,86.0,9.37,11.1,6.0,3.0,0.0,3
84,79.0,425.5,0,1,21.0,264.3,79.0,44.93,202.8,118.0,17.24,173.4,92.0,7.8,6.3,3.0,1.7,3.5,1
85,85.0,408.0,0,0,0.0,127.9,107.0,21.74,271.2,124.0,23.05,202.2,76.0,9.1,12.5,5.0,3.38,0.0,2
86,91.0,425.5,0,0,0.0,149.0,115.0,25.33,245.3,105.0,20.85,260.0,94.0,11.7,8.3,3.0,2.24,0.0,3
87,149.0,415.0,0,1,20.0,198.9,77.0,33.81,274.0,88.0,23.29,190.7,76.0,8.58,14.3,9.0,3.86,1.0,1
88,60.0,415.0,0,0,0.0,98.2,88.0,16.69,180.5,69.0,15.34,223.6,69.0,10.06,9.3,2.0,2.51,2.0,3
89,115.0,408.0,0,0,0.0,147.9,109.0,25.14,228.4,117.0,19.41,299.7,90.0,13.49,9.6,9.0,2.59,3.0,3
90,144.0,415.0,0,1,18.0,106.4,109.0,18.09,108.1,113.0,9.19,208.4,111.0,9.38,10.1,5.0,2.73,1.0,4
91,86.0,415.0,0,1,32.0,70.9,156.25,12.05,166.7,121.0,14.17,244.9,105.0,11.02,11.1,5.0,3.0,3.0,3
92,139.0,415.0,0,1,20.0,214.6,101.0,36.48,235.1,132.0,19.98,162.8,132.0,7.33,14.8,10.5,4.0,0.0,2
93,124.0,408.0,0,0,0.0,151.1,123.0,25.69,187.4,104.0,15.93,255.4,93.0,11.49,5.3,3.0,1.43,1.0,3
94,102.0,425.5,1,0,0.0,233.8,103.0,39.75,221.6,131.0,18.84,146.9,106.0,6.61,12.8,3.0,3.46,0.0,2
95,78.0,415.0,0,0,0.0,208.9,119.0,35.51,252.4,132.0,21.45,280.2,120.0,12.61,12.8,7.0,3.46,0.0,1
96,55.0,415.0,1,0,0.0,191.9,91.0,32.62,256.1,110.0,21.77,203.7,101.0,9.17,14.3,6.0,3.86,1.0,2
97,129.0,415.0,0,1,33.0,119.6,104.0,20.33,278.7,88.0,23.69,263.4,154.75,11.85,5.9,2.0,1.59,2.0,3
98,75.0,408.0,1,0,0.0,211.3,61.0,35.92,105.6,119.0,8.98,175.9,63.0,7.92,9.7,4.0,2.62,3.5,4
99,126.0,415.0,0,1,23.0,114.3,102.0,19.43,190.3,103.0,16.18,240.4,111.0,10.82,12.6,7.0,3.4,3.0,3
100,92.0,415.0,0,0,0.0,154.0,122.0,26.18,329.8,88.0,28.03,288.0,117.0,12.96,5.6,2.0,1.51,3.0,3
101,52.0,408.0,0,0,0.0,214.7,68.0,36.5,158.6,138.0,13.48,123.4,114.0,5.55,9.4,4.0,2.54,2.0,2
102,87.0,425.5,0,0,0.0,231.3,105.0,39.32,171.7,108.0,14.59,72.62499999999997,136.0,3.2700000000000014,13.0,6.0,3.51,1.0,2
103,95.0,415.0,0,1,22.0,40.9,126.0,6.95,133.4,90.0,11.34,264.2,91.0,11.89,11.9,7.0,3.21,0.0,3
104,67.0,425.5,0,0,0.0,310.4,97.0,52.77,72.95000000000005,123.0,6.2075,246.5,99.0,11.09,9.2,10.0,2.48,3.5,4
105,165.0,415.0,0,0,0.0,216.6,126.0,36.82,190.8,104.0,16.22,224.7,123.0,10.11,12.4,8.0,3.35,0.0,4
106,150.0,415.0,0,1,29.0,209.9,77.0,35.68,158.0,52.0,13.43,141.9,113.0,6.39,6.6,1.0,1.78,0.0,4
107,26.0,415.0,0,0,0.0,234.5,109.0,39.87,216.5,129.0,18.4,191.6,94.0,8.62,3.5,6.0,0.95,3.0,1
108,79.0,425.5,0,1,31.0,103.1,90.0,17.53,243.0,135.0,20.66,76.4,92.0,3.44,12.2,8.0,3.29,3.0,2
109,69.0,425.5,1,0,0.0,279.8,90.0,47.57,248.7,91.0,21.14,171.0,118.0,7.69,8.4,10.0,2.27,2.0,1
110,95.0,425.5,1,1,41.0,136.8,91.0,23.26,200.8,61.0,17.07,133.7,67.0,6.02,10.3,9.0,2.78,3.5,3
111,157.0,415.0,0,0,0.0,224.5,111.0,38.17,200.7,99.0,17.06,116.6,118.0,5.25,11.5,2.0,3.11,2.0,4
112,80.0,415.0,0,0,0.0,160.6,103.0,27.3,237.0,109.0,20.15,245.1,88.0,11.03,10.7,1.0,2.89,1.0,3
113,75.0,425.5,0,1,37.0,121.5,97.0,20.66,271.4,110.0,23.07,248.7,97.0,11.19,11.3,5.0,3.05,2.0,3
114,44.0,425.5,0,0,0.0,228.1,121.0,38.78,276.5,79.0,23.5,279.8,77.0,12.59,9.9,5.0,2.67,2.0,1
115,101.0,408.0,0,0,0.0,89.7,118.0,15.25,260.1,79.0,22.11,170.1,93.0,7.65,13.5,10.5,3.65,3.5,2
116,117.0,408.0,0,1,14.0,80.2,81.0,13.63,219.0,103.0,18.62,122.6,102.0,5.52,8.6,2.0,2.32,1.0,2
117,82.0,408.0,0,0,0.0,125.7,96.0,21.37,207.6,137.0,17.65,183.1,103.0,8.24,12.9,2.0,3.48,1.0,3
118,39.0,408.0,0,0,0.0,160.4,68.0,27.27,102.6,103.0,8.72,235.3,106.0,10.59,9.1,5.0,2.46,2.0,4
119,30.0,415.0,0,0,0.0,169.9,144.0,28.88,225.2,118.0,19.14,169.7,93.0,7.64,11.4,7.0,3.08,1.0,2
120,63.0,415.0,0,1,29.0,142.3,107.0,24.19,118.7,56.0,10.09,240.1,91.0,10.8,6.6,8.0,1.78,1.0,4
121,111.0,415.0,0,0,0.0,146.2,55.0,24.85,261.5,83.0,22.23,163.2,116.0,7.34,8.7,3.0,2.35,3.0,2
122,91.0,425.5,0,0,0.0,231.8,120.0,39.41,150.6,106.0,12.8,269.2,129.0,12.11,11.6,7.0,3.13,3.0,4
123,105.0,415.0,1,1,29.0,220.7,82.0,37.52,217.7,110.0,18.5,190.5,100.0,8.57,13.2,6.0,3.56,1.0,2
124,166.0,408.0,1,1,35.0,128.2,138.0,21.79,274.5,113.0,23.33,298.9,130.0,13.45,8.8,7.0,2.38,2.0,3
125,79.0,425.5,0,0,0.0,130.2,119.0,22.13,290.9,121.0,24.73,194.8,140.0,8.77,14.0,6.0,3.78,3.0,2
126,105.0,408.0,0,1,33.0,209.6,68.0,35.63,146.9,140.0,12.49,121.0,131.0,5.44,10.6,3.0,2.86,2.0,2
127,172.0,415.0,0,0,0.0,215.7,140.0,36.67,146.3,84.0,12.44,264.6,83.0,11.91,7.1,1.0,1.92,3.0,4
128,121.0,408.0,0,0,0.0,150.7,105.0,25.62,197.3,133.0,16.77,169.0,116.0,7.61,9.2,10.5,2.48,1.0,4
129,88.0,415.0,0,0,0.0,161.5,92.0,27.46,173.5,108.0,14.75,206.2,95.0,9.28,7.9,4.0,2.13,2.0,3
130,153.0,408.0,0,1,28.0,235.6,74.0,40.05,227.9,50.5,19.37,170.3,103.0,7.66,15.4,9.0,4.16,0.0,4
131,54.0,415.0,0,1,39.0,206.9,143.0,35.17,127.8,72.0,10.86,199.2,120.0,8.96,9.2,1.0,2.48,3.0,4
132,79.0,425.5,0,0,0.0,157.6,85.0,26.79,194.1,92.0,16.5,231.5,86.0,10.42,9.4,10.0,2.54,3.5,3
133,55.0,415.0,0,0,0.0,175.6,147.0,29.85,161.8,118.0,13.75,289.5,55.0,13.03,9.3,4.0,2.51,0.0,3
134,109.0,408.0,0,0,0.0,264.7,69.0,45.0,305.0,120.0,25.93,197.4,86.0,8.88,9.5,9.0,2.57,1.0,1
135,65.0,408.0,0,1,31.0,282.3,70.0,47.99,152.0,89.0,12.92,225.5,93.0,10.15,12.0,4.0,3.24,1.0,4
136,27.0,425.5,0,0,0.0,193.8,102.0,32.95,118.9,104.0,10.11,135.9,124.0,6.12,9.2,3.0,2.48,0.0,2
137,32.0,408.0,0,1,26.0,266.7,109.0,45.34,232.3,107.0,19.75,212.8,98.0,9.58,16.3,4.0,4.4,1.0,1
138,3.0,415.0,0,1,36.0,118.1,117.0,20.08,221.5,125.0,18.83,103.9,89.0,4.68,11.9,6.0,3.21,2.0,2
139,119.0,415.0,0,0,0.0,176.8,90.0,30.06,224.7,81.0,19.1,204.6,77.0,9.21,7.5,10.5,2.03,1.0,3
140,43.0,415.0,0,0,0.0,241.9,101.0,41.12,129.4,121.0,11.0,264.8,104.0,11.92,5.9,3.0,1.59,1.0,4
141,116.0,425.5,0,0,0.0,189.5,90.0,32.22,189.8,118.0,16.13,205.8,83.0,9.26,13.1,2.0,3.54,1.0,2
142,107.0,415.0,0,0,0.0,123.1,100.0,20.93,158.4,82.0,13.46,256.1,82.0,11.52,9.3,5.0,2.51,0.0,3
143,123.0,408.0,0,0,0.0,159.1,94.0,27.05,241.6,119.0,20.54,202.4,120.0,9.11,6.5,1.0,1.76,1.0,2
144,110.0,408.0,0,0,0.0,100.1,90.0,17.02,233.3,93.0,19.83,204.4,57.0,9.2,11.1,8.0,3.0,3.0,3
145,176.0,415.0,0,0,0.0,223.2,76.0,37.94,214.4,131.0,18.22,154.4,80.0,6.95,10.1,2.0,2.73,3.0,4
146,13.0,425.5,0,1,21.0,315.6,105.0,53.65,208.9,71.0,17.76,260.1,123.0,11.7,12.1,3.0,3.27,3.0,1
147,88.0,415.0,0,0,0.0,189.8,111.0,32.27,197.3,101.0,16.77,234.5,111.0,10.55,14.9,3.0,4.02,2.0,4
148,92.0,425.5,0,1,29.0,155.4,110.0,26.42,188.5,104.0,16.02,254.9,118.0,11.47,8.0,4.0,2.16,3.0,3
149,165.0,425.5,0,0,0.0,154.2,91.0,26.21,268.6,108.0,22.83,188.8,99.0,8.5,10.9,4.0,2.94,3.5,2
150,156.0,415.0,0,0,0.0,178.8,94.0,30.4,178.4,97.0,15.16,169.2,77.0,7.61,7.5,3.0,2.03,1.0,4
151,63.0,408.0,0,0,0.0,149.3,104.0,25.38,273.6,75.0,23.26,206.6,72.0,9.3,9.1,4.0,2.46,0.0,2
152,83.0,415.0,1,1,32.0,94.7,111.0,16.1,154.4,98.0,13.12,200.4,109.0,9.02,10.6,6.0,2.86,2.0,3
153,158.0,415.0,0,0,0.0,222.8,101.0,37.88,203.0,128.0,17.26,210.6,106.0,9.48,6.9,2.0,1.86,2.0,4
154,115.0,425.5,1,0,0.0,249.9,95.0,42.48,242.5,104.0,20.61,151.7,121.0,6.83,15.3,6.0,4.13,1.0,2
155,103.0,425.5,0,1,36.0,87.2,92.0,14.82,169.3,110.0,14.39,166.7,80.0,7.5,10.9,5.0,2.94,3.5,3
156,64.0,415.0,0,0,0.0,224.8,111.0,38.22,190.0,101.0,16.15,221.4,110.0,9.96,9.2,2.0,2.48,1.0,1
157,86.0,425.5,0,1,39.0,261.2,122.0,44.4,214.2,101.0,18.21,154.9,101.0,6.97,12.7,5.0,3.43,2.0,1
158,151.0,415.0,0,1,26.0,196.5,98.0,33.41,175.8,111.0,14.94,221.8,124.0,9.98,13.4,5.0,3.62,0.0,4
159,87.0,425.5,1,0,0.0,167.3,119.0,28.44,198.5,119.0,16.87,133.1,88.0,5.99,11.0,6.0,2.97,1.0,2
160,90.0,415.0,0,0,0.0,109.6,88.0,18.63,137.6,108.0,11.7,159.7,121.0,7.19,11.0,5.0,2.97,2.0,3
161,108.0,425.5,0,1,30.0,276.6,99.0,47.02,220.1,113.0,18.71,177.9,95.0,8.01,9.8,6.0,2.65,2.0,1
162,33.0,415.0,0,1,35.0,186.8,124.0,31.76,261.0,69.0,22.19,317.8,103.0,14.3,15.0,5.0,4.05,0.0,1
163,149.0,415.0,1,1,28.0,126.9,97.0,21.57,166.9,102.0,14.19,145.2,77.0,6.53,8.8,3.0,2.38,3.5,3
164,106.0,425.5,0,0,0.0,169.4,107.0,28.8,197.2,71.0,16.76,202.2,79.0,9.1,10.7,4.0,2.89,1.0,3
165,167.0,408.0,1,0,0.0,219.1,100.0,37.25,242.9,90.0,20.65,168.9,101.0,7.6,10.1,4.0,2.73,2.0,4
166,35.0,425.5,0,1,27.0,241.7,87.0,41.09,142.0,101.0,12.07,288.9,68.0,13.0,9.4,4.0,2.54,1.0,4
167,107.0,415.0,0,1,22.0,281.1,83.0,47.79,143.7,130.0,12.21,239.4,128.0,10.77,11.2,9.0,3.02,1.0,4
168,92.0,415.0,1,1,45.0,281.1,88.0,47.79,198.0,103.0,16.83,94.3,76.0,4.24,7.5,3.0,2.03,0.0,2
169,38.0,415.0,0,0,0.0,137.8,86.0,23.43,286.3,76.0,24.34,167.0,77.0,7.52,14.1,3.0,3.81,2.0,2
170,68.0,408.0,1,0,0.0,148.5,126.0,25.25,219.4,125.0,18.65,198.5,121.0,8.93,14.5,7.0,3.92,1.0,3
171,123.0,425.5,0,0,0.0,194.0,118.0,32.98,242.0,114.0,20.57,146.3,108.0,6.58,12.1,4.0,3.27,1.0,2
172,75.0,425.5,0,1,41.0,130.9,115.0,22.25,203.4,110.0,17.29,171.7,68.0,7.73,12.4,4.0,3.35,1.0,3
173,153.0,408.0,0,0,0.0,185.3,127.0,31.5,208.0,73.0,17.68,206.1,124.0,9.27,15.1,3.0,4.08,1.0,4
174,143.0,415.0,0,0,0.0,119.1,117.0,20.25,287.7,136.0,24.45,223.0,100.0,10.04,12.2,4.0,3.29,0.0,2
175,87.0,408.0,0,0,0.0,322.5,106.0,54.83,204.6,93.0,17.39,186.2,128.0,8.38,9.4,4.0,2.54,2.0,1
176,100.0,425.5,0,0,0.0,216.2,107.0,36.75,215.6,84.0,18.33,138.4,127.0,6.23,10.2,3.0,2.75,0.0,2
177,144.0,415.0,0,1,50.0,283.9,98.0,48.26,192.0,109.0,16.32,196.3,85.0,8.83,10.0,4.0,2.7,1.0,1
178,70.0,415.0,0,1,31.0,125.9,101.0,21.4,196.4,102.0,16.69,252.7,75.0,11.37,10.3,4.0,2.78,1.0,3
179,136.0,408.0,1,0,0.0,199.6,89.0,33.93,211.4,96.0,17.97,72.62499999999997,84.0,3.2700000000000014,11.0,4.0,2.97,3.0,2
180,120.0,415.0,0,1,24.0,212.7,73.0,36.16,257.5,103.0,21.89,227.8,119.0,10.25,9.7,10.5,2.62,2.0,1
181,104.0,408.0,0,0,0.0,183.6,133.0,31.21,120.7,98.0,10.26,215.1,112.0,9.68,12.7,2.0,3.43,1.0,4
182,75.0,425.5,0,1,38.0,163.6,132.0,27.81,146.7,113.0,12.47,326.82500000000005,115.0,14.709999999999999,13.1,3.0,3.54,3.0,4
183,127.0,425.5,1,0,0.0,180.9,114.0,30.75,209.5,118.0,17.81,249.9,105.0,11.25,7.4,4.0,2.0,2.0,3
184,122.0,425.5,0,1,33.0,270.8,96.0,46.04,220.4,110.0,18.73,169.9,104.0,7.65,11.8,8.0,3.19,3.5,1
185,124.0,415.0,0,0,0.0,178.4,72.0,30.33,233.6,134.0,19.86,179.4,91.0,8.07,12.0,2.0,3.24,0.0,2
186,167.0,415.0,1,0,0.0,244.8,91.0,41.62,72.95000000000005,105.0,6.2075,176.7,110.0,7.95,10.7,3.0,2.89,2.0,4
187,89.0,415.0,0,1,32.0,209.9,113.0,35.68,249.8,104.0,21.23,224.2,92.0,10.09,8.7,7.0,2.35,1.0,1
188,73.0,408.0,0,0,0.0,213.0,95.0,36.21,188.8,104.0,16.05,136.2,89.0,6.13,13.5,3.0,3.65,0.0,2
189,1.0,415.0,0,0,0.0,144.8,107.0,24.62,112.5,66.0,9.56,218.7,79.0,9.84,13.8,3.0,3.73,1.0,4
190,60.0,408.0,0,0,0.0,135.4,134.0,23.02,205.9,85.0,17.5,204.0,103.0,9.18,7.9,4.0,2.13,1.0,3
191,77.0,425.5,0,0,0.0,67.7,68.0,11.51,195.7,86.0,16.63,236.5,137.0,10.64,12.0,2.0,3.24,1.0,3
192,76.0,415.0,0,0,0.0,224.4,121.0,38.15,147.9,97.0,12.57,183.8,74.0,8.27,6.7,2.0,1.81,2.0,4
193,63.0,425.5,0,0,0.0,153.5,81.0,26.1,287.3,115.0,24.42,230.2,85.0,10.36,6.5,5.0,1.76,2.0,2
194,150.0,415.0,0,1,28.0,174.4,75.0,29.65,169.9,80.0,14.44,201.6,130.0,9.07,11.0,4.0,2.97,1.0,4
195,101.0,415.0,0,0,0.0,153.8,89.0,26.15,234.0,89.0,19.89,196.3,77.0,8.83,11.6,2.0,3.13,3.5,3
196,132.0,415.0,0,1,39.0,175.7,93.0,29.87,187.2,94.0,15.91,225.5,118.0,10.15,8.6,3.0,2.32,2.0,4
197,158.0,425.5,0,0,0.0,155.9,123.0,26.5,224.2,112.0,19.06,221.0,116.0,9.95,8.6,8.0,2.32,2.0,2
198,114.0,415.0,0,1,34.0,154.4,109.0,26.25,221.4,142.0,18.82,208.5,103.0,9.38,10.3,5.0,2.78,0.0,2
199,77.0,415.0,0,1,23.0,209.7,73.0,35.65,183.6,63.0,15.61,205.5,111.0,9.25,7.1,3.0,1.92,2.0,4
200,107.0,415.0,0,0,0.0,212.1,95.0,36.06,150.1,88.0,12.76,219.8,111.0,9.89,7.7,2.0,2.08,3.0,4
201,48.0,425.5,0,1,22.0,152.0,63.0,25.84,258.8,131.0,22.0,263.2,109.0,11.84,15.7,5.0,4.24,2.0,3
202,59.0,415.0,0,0,0.0,160.9,95.0,27.35,251.2,65.0,21.35,273.4,97.0,12.3,5.0,5.0,1.35,3.0,3
203,129.0,425.5,0,0,0.0,332.375,118.0,56.510000000000005,192.1,104.0,16.33,191.0,83.0,8.59,10.4,6.0,2.81,0.0,1
204,50.0,425.5,0,0,0.0,188.9,94.0,32.11,203.9,104.0,17.33,151.8,124.0,6.83,11.6,8.0,3.13,3.0,2
205,50.0,415.0,0,1,35.0,192.6,97.0,32.74,135.2,101.0,11.49,216.2,101.0,9.73,7.9,2.0,2.13,2.0,4
206,116.0,415.0,0,0,0.0,217.3,91.0,36.94,216.1,95.0,18.37,148.1,76.0,6.66,11.3,3.0,3.05,2.0,2
207,52.0,425.5,0,1,38.0,169.3,88.0,28.78,225.9,97.0,19.2,172.0,86.0,7.74,8.2,3.0,2.21,0.0,2
208,12.0,425.5,1,0,0.0,216.7,117.0,36.84,116.5,126.0,9.9,220.0,110.0,9.9,9.8,4.0,2.65,2.0,4
209,105.0,425.5,0,0,0.0,246.4,83.0,41.89,256.2,101.0,21.78,169.0,151.0,7.61,3.8,4.0,1.03,0.0,1
210,104.0,415.0,0,0,0.0,156.2,93.0,26.55,193.0,54.0,16.41,222.7,94.0,10.02,13.1,5.0,3.54,1.0,3
211,13.0,415.0,0,0,0.0,146.4,74.0,24.89,148.5,92.0,12.62,216.7,96.0,9.75,11.3,3.0,3.05,1.0,4
212,67.0,408.0,0,0,0.0,167.8,91.0,28.53,167.7,69.0,14.25,110.3,71.0,4.96,8.4,10.5,2.27,1.0,2
213,148.0,415.0,0,1,11.0,252.9,129.0,42.99,284.3,88.0,24.17,262.8,99.0,11.83,12.3,1.0,3.32,1.0,1
214,116.0,425.5,0,0,0.0,201.8,82.0,34.31,231.5,95.0,19.68,226.1,130.0,10.17,16.5,5.0,4.46,0.0,1
215,131.0,408.0,0,0,0.0,94.4,80.0,16.05,215.1,101.0,18.28,179.7,108.0,8.09,13.1,9.0,3.54,2.0,3
216,119.0,425.5,0,0,0.0,190.4,74.0,32.37,215.6,113.0,18.33,161.2,111.0,7.25,10.0,1.0,2.7,2.0,4
217,94.0,425.5,1,0,0.0,243.2,109.0,41.34,147.0,88.0,12.5,94.9,99.0,4.27,7.2,4.0,1.94,3.5,2
218,206.0,408.0,0,0,0.0,176.4,115.0,29.99,158.8,128.0,13.5,306.6,107.0,13.8,9.3,3.0,2.51,3.5,4
219,161.0,415.0,0,0,0.0,178.1,109.0,30.28,146.5,86.0,12.45,137.6,78.0,6.19,8.5,2.0,2.3,1.0,4
220,67.0,408.0,0,0,0.0,201.4,101.0,34.24,97.6,122.0,8.3,202.5,119.0,9.11,7.0,3.0,1.89,0.0,4
221,132.0,415.0,0,1,31.0,174.5,101.0,29.67,245.6,105.0,20.88,172.8,76.0,7.78,10.3,9.0,2.78,1.0,2
222,134.0,408.0,0,0,0.0,205.3,122.0,34.9,240.5,150.5,20.44,179.1,107.0,8.06,5.0,9.0,1.35,1.0,2
223,44.0,425.5,0,0,0.0,143.2,77.0,24.34,169.8,114.0,14.43,215.8,77.0,9.71,7.6,4.0,2.05,1.0,3
224,53.0,415.0,0,1,27.0,34.57500000000002,119.0,5.869999999999994,206.5,96.0,17.55,228.1,64.0,10.26,6.5,7.0,1.76,1.0,3
225,108.0,415.0,0,0,0.0,154.2,123.0,26.21,112.3,86.0,9.55,246.4,75.0,11.09,15.4,4.0,4.16,3.5,4
226,80.0,408.0,0,0,0.0,322.3,113.0,54.79,222.0,95.0,18.87,162.8,123.0,7.33,6.7,8.0,1.81,0.0,1
227,88.0,415.0,0,0,0.0,215.6,115.0,36.65,216.2,85.0,18.38,171.3,65.0,7.71,11.8,1.0,3.19,3.0,2
228,82.0,425.5,1,0,0.0,208.8,101.0,35.5,213.7,87.0,18.16,175.1,86.0,7.88,12.4,6.0,3.35,3.0,2
229,115.0,415.0,0,0,0.0,245.2,105.0,41.68,159.0,109.0,13.52,229.9,74.0,10.35,7.2,8.0,1.94,0.0,4
230,93.0,415.0,0,0,0.0,98.4,78.0,16.73,249.6,129.0,21.22,248.2,114.0,11.17,14.2,4.0,3.83,1.0,3
231,72.0,415.0,0,0,0.0,217.8,93.0,37.03,189.7,113.0,16.12,182.6,91.0,8.22,10.4,5.0,2.81,3.5,2
232,98.0,415.0,0,1,29.0,179.9,97.0,30.58,189.2,89.0,16.08,164.3,76.0,7.39,12.8,7.0,3.46,3.0,2
233,118.0,415.0,0,0,0.0,140.4,112.0,23.87,187.1,60.0,15.9,207.9,154.75,9.36,7.9,1.0,2.13,0.0,4
234,55.0,425.5,0,0,0.0,189.0,100.0,32.13,118.5,99.0,10.07,248.1,87.0,11.16,17.1,6.0,4.62,0.0,4
235,130.0,415.0,0,0,0.0,155.9,95.0,26.5,256.1,97.0,21.77,262.9,103.0,11.83,11.7,3.0,3.16,3.0,3
236,136.0,408.0,1,0,0.0,199.2,122.0,33.86,214.7,114.0,18.25,150.9,105.0,6.79,11.8,7.0,3.19,1.0,2
237,107.0,415.0,0,0,0.0,157.1,79.0,26.71,162.6,124.0,13.82,150.0,138.0,6.75,12.1,6.0,3.27,1.0,3
238,91.0,415.0,0,0,0.0,154.4,156.25,26.25,168.3,121.0,14.31,239.9,81.0,10.8,11.7,4.0,3.16,3.5,3
239,167.0,415.0,0,0,0.0,166.4,85.0,28.29,243.2,135.0,20.67,229.2,95.0,10.31,9.9,5.0,2.67,1.0,3
240,159.0,415.0,0,1,19.0,184.1,78.0,31.3,194.5,71.0,16.53,225.6,101.0,10.15,16.9,3.0,4.56,0.0,4
241,122.0,415.0,0,0,0.0,35.1,62.0,5.97,180.8,89.0,15.37,251.6,58.0,11.32,12.7,2.0,3.43,1.0,3
242,105.0,415.0,0,1,29.0,179.4,113.0,30.5,275.4,100.0,23.41,246.1,105.0,11.07,10.0,5.0,2.7,0.0,1
243,155.0,408.0,0,0,0.0,216.7,46.25,36.84,144.3,125.0,12.27,135.3,106.0,6.09,10.8,1.0,2.92,2.0,4
244,161.0,415.0,0,0,0.0,151.6,117.0,25.77,219.4,87.0,18.65,224.7,68.0,10.11,4.0,5.0,1.08,1.0,3
245,122.0,415.0,0,0,0.0,173.6,110.0,29.51,91.7,84.0,7.79,211.7,103.0,9.53,9.7,7.0,2.62,3.0,4
246,37.0,415.0,1,0,0.0,106.6,76.0,18.12,147.4,89.0,12.53,235.8,113.0,10.61,9.6,8.0,2.59,2.0,4
247,128.0,415.0,0,0,0.0,103.3,122.0,17.56,245.9,123.0,20.9,161.1,95.0,7.25,6.4,7.0,1.73,0.0,2
248,89.0,425.5,1,0,0.0,125.6,108.0,21.35,213.0,90.0,18.11,181.7,108.0,8.18,5.4,5.0,1.46,1.0,3
249,108.0,415.0,0,0,0.0,199.3,104.0,33.88,224.2,92.0,19.06,140.1,57.0,6.3,15.2,2.0,4.1,0.0,2
250,109.0,408.0,0,0,0.0,222.2,113.0,37.77,218.5,122.0,18.57,266.0,88.0,11.97,10.9,5.0,2.94,1.0,1
251,29.0,415.0,0,0,0.0,157.4,122.0,26.76,145.0,75.0,12.33,281.8,92.0,12.68,9.3,2.0,2.51,1.0,3
252,119.0,415.0,1,1,15.0,160.0,95.0,27.2,209.5,110.0,17.81,82.3,107.0,3.7,8.7,5.0,2.35,3.5,2
253,86.0,415.0,0,0,0.0,83.5,96.0,14.2,221.1,63.0,18.79,326.82500000000005,75.0,14.709999999999999,12.6,3.0,3.4,0.0,3
254,92.0,425.5,0,1,25.0,134.0,112.0,22.78,206.0,111.0,17.51,180.6,118.0,8.13,9.7,4.0,2.62,0.0,3
255,13.0,425.5,0,1,25.0,176.6,65.0,30.02,172.7,96.0,14.68,104.5,128.0,4.7,11.3,5.0,3.05,2.0,2
256,144.0,425.5,1,1,35.0,174.8,127.0,29.72,219.6,93.0,18.67,255.8,90.0,11.51,12.8,3.0,3.46,0.0,3
257,139.0,425.5,0,0,0.0,221.3,140.0,37.62,157.8,89.0,13.41,192.5,89.0,8.66,11.3,6.0,3.05,1.0,4
258,95.0,415.0,0,0,0.0,141.1,84.0,23.99,211.4,108.0,17.97,103.7,127.0,4.67,5.9,6.0,1.59,3.0,2
259,80.0,408.0,0,1,31.0,166.4,92.0,28.29,238.3,74.0,20.26,150.7,84.0,6.78,10.7,4.0,2.89,3.5,2
260,113.0,415.0,0,0,0.0,215.9,93.0,36.7,240.1,85.0,20.41,156.7,123.0,7.05,4.9,5.0,1.32,3.0,2
261,88.0,415.0,0,1,31.0,181.6,91.0,30.87,213.2,120.0,18.12,207.8,104.0,9.35,11.4,4.0,3.08,1.0,2
262,74.0,415.0,0,0,0.0,106.4,84.0,18.09,140.2,104.0,11.92,90.9,81.0,4.09,11.4,3.0,3.08,1.0,2
263,48.0,425.5,0,0,0.0,128.2,71.0,21.79,72.95000000000005,78.0,6.2075,116.3,80.0,5.23,8.9,3.0,2.4,0.0,2
264,163.0,425.5,0,0,0.0,178.7,56.0,30.38,215.7,79.0,18.33,152.7,84.0,6.87,10.6,2.0,2.86,3.5,4
265,56.0,425.5,0,0,0.0,150.9,79.0,25.65,161.8,87.0,13.75,167.7,115.0,7.55,11.7,5.0,3.16,3.0,3
266,64.0,415.0,0,0,0.0,168.0,116.0,28.56,192.4,94.0,16.35,166.5,98.0,7.49,10.1,3.0,2.73,2.0,2
267,116.0,415.0,0,1,35.0,182.8,122.0,31.08,212.7,119.0,18.08,193.8,103.0,8.72,11.0,2.0,2.97,1.0,2
268,101.0,415.0,1,0,0.0,193.7,108.0,32.93,186.6,98.0,15.86,223.0,100.0,10.04,11.6,8.0,3.13,0.0,4
269,85.0,415.0,1,0,0.0,197.2,97.0,33.52,211.7,115.0,17.99,210.1,133.0,9.45,8.3,4.0,2.24,3.5,1
270,90.0,415.0,0,0,0.0,76.1,121.0,12.94,290.3,73.0,24.68,236.9,89.0,10.66,10.8,3.0,2.92,0.0,3
271,73.0,415.0,0,0,0.0,182.3,115.0,30.99,199.2,97.0,16.93,120.2,113.0,5.41,17.225,5.0,4.6575,1.0,2
272,55.0,408.0,0,1,20.0,189.3,95.0,32.18,118.6,113.0,10.08,250.2,102.0,11.26,12.5,4.0,3.38,2.0,4
273,76.0,415.0,0,1,22.0,160.1,107.0,27.22,168.7,136.0,14.34,72.62499999999997,102.0,3.2700000000000014,9.5,4.0,2.57,3.0,2
274,157.0,415.0,0,0,0.0,220.7,105.0,37.52,119.3,127.0,10.14,165.1,113.0,7.43,11.5,7.0,3.11,3.5,4
275,131.0,415.0,0,0,0.0,211.8,115.0,36.01,260.5,102.0,22.14,144.2,96.0,6.49,10.8,7.0,2.92,0.0,2
276,51.0,415.0,0,0,0.0,229.7,129.0,39.05,334.54999999999995,104.0,28.4275,192.8,128.0,8.68,9.6,1.0,2.59,1.0,2
277,166.0,415.0,0,0,0.0,220.7,106.0,37.52,177.8,118.0,15.11,206.1,102.0,9.27,12.4,9.0,3.35,1.0,4
278,66.0,408.0,0,0,0.0,87.6,76.0,14.89,262.0,111.0,22.27,184.6,125.0,8.31,9.2,5.0,2.48,1.0,3
279,49.0,415.0,0,0,0.0,266.3,90.0,45.27,207.8,117.0,17.66,205.0,98.0,9.23,14.0,2.0,3.78,2.0,1
280,89.0,415.0,0,0,0.0,141.1,92.0,23.99,249.1,126.0,21.17,136.0,73.0,6.12,10.8,2.0,2.92,2.0,2
281,90.0,415.0,0,0,0.0,200.9,92.0,34.15,164.3,91.0,13.97,249.0,98.0,11.21,8.9,7.0,2.4,1.0,4
282,193.0,415.0,0,0,0.0,96.8,92.0,16.46,142.6,103.0,12.12,210.1,115.0,9.45,10.9,5.0,2.94,2.0,4
283,114.0,425.5,0,0,0.0,172.0,145.0,29.24,276.4,101.0,23.49,193.7,100.0,8.72,10.1,9.0,2.73,1.0,2
284,7.0,408.0,0,1,30.0,221.4,114.0,37.64,165.8,116.0,14.09,247.0,105.0,11.12,10.8,10.5,2.92,1.0,4
285,71.0,415.0,0,0,0.0,243.7,124.0,41.43,72.95000000000005,90.0,6.2075,189.0,129.0,8.5,11.3,2.0,3.05,0.0,4
286,31.0,415.0,0,1,28.0,210.5,101.0,35.79,250.5,86.0,21.29,241.6,125.0,10.87,11.5,2.0,3.11,1.0,1
287,111.0,415.0,0,0,0.0,284.4,89.0,48.35,157.0,113.0,13.35,242.8,91.0,10.93,8.4,8.0,2.27,0.0,4
288,97.0,408.0,0,0,0.0,169.7,84.0,28.85,165.9,86.0,14.1,191.9,83.0,8.64,12.8,6.0,3.46,3.0,2
289,51.0,425.5,0,0,0.0,227.2,89.0,38.62,194.4,106.0,16.52,243.4,126.0,10.95,14.9,2.0,4.02,0.0,4
290,86.0,415.0,0,0,0.0,223.9,75.0,38.06,155.7,109.0,13.23,150.2,143.0,6.76,7.3,9.0,1.97,1.0,2
291,190.0,415.0,0,0,0.0,169.4,102.0,28.8,253.5,113.0,21.55,197.1,93.0,8.87,8.9,5.0,2.4,1.0,2
292,80.0,408.0,0,0,0.0,118.1,90.0,20.08,144.3,77.0,12.27,225.1,86.0,10.13,8.2,6.0,2.21,1.0,4
293,36.0,415.0,0,0,0.0,202.4,115.0,34.41,230.7,115.0,19.61,202.0,127.0,9.09,10.2,2.0,2.75,3.0,2
294,45.0,425.5,0,0,0.0,155.7,110.0,26.47,260.3,103.0,22.13,192.2,98.0,8.65,11.0,1.0,2.97,1.0,2
295,170.0,415.0,0,0,0.0,246.4,107.0,41.89,228.1,124.0,19.39,166.4,95.0,7.49,9.1,8.0,2.46,0.0,4
296,103.0,415.0,0,0,0.0,189.8,110.0,32.27,115.5,83.0,9.82,191.3,103.0,8.61,12.2,4.0,3.29,0.0,4
297,112.0,408.0,0,0,0.0,167.8,88.0,28.53,247.9,81.0,21.07,155.1,108.0,6.98,11.9,4.0,3.21,0.0,2
298,125.0,425.5,0,0,0.0,143.2,80.0,24.34,88.1,94.0,7.49,233.2,135.0,10.49,8.8,7.0,2.38,3.5,4
299,73.0,415.0,0,1,31.0,82.3,105.0,13.99,256.1,91.0,21.77,229.6,98.0,10.33,11.8,2.0,3.19,3.5,3
300,206.0,408.0,0,0,0.0,165.6,104.0,28.15,195.9,115.0,16.65,118.3,77.0,5.32,11.8,3.0,3.19,1.0,4
301,95.0,408.0,0,1,20.0,165.7,78.0,28.17,215.6,94.0,18.33,243.3,91.0,10.95,9.8,6.0,2.65,0.0,3
302,182.0,415.0,0,0,0.0,176.1,90.0,29.94,174.9,106.0,14.87,234.7,134.0,10.56,9.7,4.0,2.62,1.0,4
303,55.0,425.5,0,0,0.0,119.7,148.0,20.35,231.8,96.0,19.7,222.3,113.0,10.0,4.6,2.0,1.24,2.0,3
304,86.0,415.0,0,1,30.0,99.9,84.0,16.98,263.5,125.0,22.4,254.7,90.0,11.46,9.8,7.0,2.65,2.0,3
305,127.0,425.5,0,0,0.0,239.8,107.0,40.77,128.9,121.0,10.96,249.9,110.0,11.25,11.3,5.0,3.05,1.0,4
306,63.0,415.0,0,0,0.0,164.5,75.0,27.97,147.9,118.0,12.57,252.7,97.0,11.37,11.2,2.0,3.02,0.0,4
307,79.0,425.5,0,0,0.0,220.9,107.0,37.55,192.2,97.0,16.34,161.0,74.0,7.25,12.2,2.0,3.29,1.0,2
308,111.0,415.0,0,1,28.0,128.8,104.0,21.9,157.3,52.0,13.37,147.4,76.0,6.63,10.3,2.0,2.78,2.0,3
309,121.0,425.5,0,1,35.0,193.8,62.0,32.95,197.6,97.0,16.8,218.8,95.0,9.85,5.9,4.0,1.59,0.0,4
310,112.0,415.0,0,0,0.0,168.6,102.0,28.66,298.0,117.0,25.33,194.7,110.0,8.76,9.8,5.0,2.65,1.0,2
311,81.0,415.0,0,1,36.0,115.9,120.0,19.7,236.6,95.0,20.11,255.0,90.0,11.48,11.7,6.0,3.16,3.0,3
312,72.0,425.5,0,0,0.0,272.4,88.0,46.31,107.9,125.0,9.17,185.5,81.0,8.35,12.7,2.0,3.43,0.0,4
313,64.0,425.5,0,1,40.0,210.0,116.0,35.7,232.7,89.0,19.78,168.8,94.0,7.6,5.9,4.0,1.59,3.5,2
314,163.0,408.0,0,0,0.0,223.0,120.0,37.91,227.0,98.0,19.3,188.3,125.0,8.47,8.8,5.0,2.38,1.0,4
315,104.0,415.0,0,0,0.0,139.7,78.0,23.75,202.6,119.0,17.22,203.6,102.0,9.16,11.3,5.0,3.05,2.0,3
316,93.0,425.5,0,1,19.0,136.8,113.0,23.26,179.5,105.0,15.26,72.62499999999997,95.0,3.2700000000000014,12.5,3.0,3.38,2.0,2
317,197.0,425.5,0,0,0.0,154.8,111.0,26.32,171.5,102.0,14.58,227.3,86.0,10.23,10.6,2.0,2.86,3.0,4
318,57.0,425.5,0,0,0.0,192.8,68.0,32.78,158.0,86.0,13.43,235.5,105.0,10.6,12.7,6.0,3.43,1.0,4
319,107.0,408.0,0,0,0.0,103.4,94.0,17.58,189.3,125.0,16.09,227.2,125.0,10.22,14.4,3.0,3.89,1.0,3
320,75.0,408.0,0,0,0.0,147.5,110.0,25.08,191.7,97.0,16.29,135.0,68.0,6.08,16.4,3.0,4.43,2.0,2
321,106.0,408.0,0,0,0.0,178.4,143.0,30.33,247.0,123.0,21.0,259.9,105.0,11.7,9.6,2.0,2.59,0.0,1
322,70.0,408.0,0,0,0.0,148.4,110.0,25.23,267.1,90.0,22.7,151.5,101.0,6.82,8.9,4.0,2.4,0.0,2
323,80.0,408.0,0,0,0.0,148.6,106.0,25.26,210.8,65.0,17.92,203.7,86.0,9.17,10.0,2.0,2.7,2.0,3
324,137.0,425.5,0,0,0.0,97.5,95.0,16.58,195.8,82.0,16.64,288.8,78.0,13.0,3.424999999999998,0.0,0.9174999999999998,1.0,3
325,90.0,415.0,0,1,29.0,185.6,106.0,31.55,219.7,113.0,18.67,152.1,120.0,6.84,11.1,5.0,3.0,2.0,2
326,30.0,408.0,0,0,0.0,137.6,108.0,23.39,162.0,80.0,13.77,187.7,126.0,8.45,5.8,10.0,1.57,3.0,3
327,105.0,415.0,1,0,0.0,273.9,119.0,46.56,278.6,103.0,23.68,255.3,90.0,11.49,10.9,7.0,2.94,1.0,1
328,102.0,415.0,0,1,31.0,125.3,92.0,21.3,141.2,108.0,12.0,168.2,68.0,7.57,6.3,2.0,1.7,3.0,3
329,83.0,415.0,0,0,0.0,178.8,102.0,30.4,167.9,84.0,14.27,178.9,65.0,8.05,8.6,4.0,2.32,3.0,2
330,63.0,425.5,0,1,49.0,214.9,86.0,36.53,198.2,89.0,16.85,170.8,139.0,7.69,8.2,5.0,2.21,0.0,2
331,155.0,408.0,0,0,0.0,163.0,93.0,27.71,203.9,102.0,17.33,159.0,109.0,7.15,15.1,4.0,4.08,2.0,4
332,105.0,408.0,0,0,0.0,115.5,73.0,19.64,267.3,83.0,22.72,114.2,90.0,5.14,13.3,5.0,3.59,3.0,2
333,73.0,415.0,0,0,0.0,137.1,102.0,23.31,210.8,114.0,17.92,191.4,120.0,8.61,11.1,4.0,3.0,1.0,3
334,21.0,415.0,0,1,19.0,132.7,94.0,22.56,204.6,101.0,17.39,154.7,78.0,6.96,12.9,7.0,3.48,3.0,3
335,71.0,415.0,0,1,39.0,183.2,103.0,31.14,209.4,111.0,17.8,172.4,109.0,7.76,11.9,6.0,3.21,1.0,2
336,112.0,415.0,0,0,0.0,170.5,113.0,28.99,193.2,129.0,16.42,188.0,91.0,8.46,11.2,6.0,3.02,0.0,2
337,66.0,425.5,0,0,0.0,154.0,133.0,26.18,198.9,121.0,16.91,151.9,100.0,6.84,9.5,3.0,2.57,3.5,2
338,99.0,408.0,0,0,0.0,54.8,92.0,9.32,173.0,103.0,14.71,195.1,125.0,8.78,7.5,3.0,2.03,1.0,3
339,124.0,425.5,0,0,0.0,184.8,74.0,31.42,175.1,84.0,14.88,158.2,95.0,7.12,10.5,6.0,2.84,1.0,4
340,95.0,415.0,0,1,36.0,283.1,112.0,48.13,286.2,86.0,24.33,261.7,129.0,11.78,11.3,3.0,3.05,3.0,1
341,130.0,408.0,0,0,0.0,68.4,86.0,11.63,193.3,110.0,16.43,171.5,139.0,7.72,10.4,4.0,2.81,0.0,3
342,93.0,425.5,1,0,0.0,131.4,78.0,22.34,219.7,106.0,18.67,155.7,103.0,7.01,11.1,2.0,3.0,1.0,3
343,191.0,408.0,0,0,0.0,162.0,104.0,27.54,241.2,120.0,20.5,210.4,83.0,9.47,10.9,7.0,2.94,1.0,2
344,88.0,415.0,0,0,0.0,148.2,82.0,25.19,308.7,67.0,26.24,235.4,79.0,10.59,6.4,4.0,1.73,2.0,2
345,16.0,415.0,0,0,0.0,174.7,83.0,29.7,280.8,122.0,23.87,171.7,80.0,7.73,10.5,8.0,2.84,3.5,2
346,107.0,425.5,0,0,0.0,194.5,97.0,33.07,186.3,131.0,15.84,178.3,106.0,8.02,12.7,1.0,3.43,2.0,2
347,96.0,408.0,0,1,29.0,150.0,91.0,25.5,159.4,75.0,13.55,228.1,55.0,10.26,8.5,3.0,2.3,1.0,4
348,163.0,408.0,0,1,40.0,231.9,56.0,39.42,211.8,91.0,18.0,268.5,74.0,12.08,12.3,3.0,3.32,2.0,1
349,95.0,415.0,0,0,0.0,269.0,120.0,45.73,233.7,120.0,19.86,179.3,61.0,8.07,7.3,4.0,1.97,2.0,1
350,123.0,415.0,0,1,27.0,198.7,127.0,33.78,249.0,105.0,21.17,173.2,124.0,7.79,12.5,5.0,3.38,1.0,2
351,34.0,415.0,0,0,0.0,293.7,89.0,49.93,272.5,71.0,23.16,178.2,76.0,8.02,11.0,10.0,2.97,2.0,1
352,96.0,415.0,0,1,26.0,175.8,96.0,29.89,206.6,84.0,17.56,178.0,105.0,8.01,11.1,2.0,3.0,2.0,2
353,146.0,415.0,0,0,0.0,169.5,93.0,28.82,230.9,71.0,19.63,269.8,115.0,12.14,9.0,7.0,2.43,2.0,3
354,138.0,415.0,1,1,17.0,225.2,116.0,38.28,173.4,88.0,14.74,145.8,99.0,6.56,11.7,4.0,3.16,0.0,4
355,76.0,425.5,0,0,0.0,129.7,84.0,22.05,177.5,80.0,15.09,228.9,87.0,10.3,7.5,3.0,2.03,3.5,3
356,83.0,425.5,0,1,36.0,95.9,87.0,16.3,261.6,105.0,22.24,228.6,109.0,10.29,13.3,4.0,3.59,0.0,3
357,104.0,408.0,0,0,0.0,170.6,97.0,29.0,162.1,111.0,13.78,210.7,131.0,9.48,6.1,1.0,1.65,1.0,4
358,106.0,415.0,0,0,0.0,191.4,124.0,32.54,200.7,116.0,17.06,230.1,76.0,10.35,8.2,3.0,2.21,1.0,3
359,84.0,425.5,0,0,0.0,75.3,96.0,12.8,179.9,113.0,15.29,193.8,134.0,8.72,12.3,1.0,3.32,1.0,3
360,99.0,408.0,0,0,0.0,128.8,86.0,21.9,203.9,105.0,17.33,282.6,131.0,12.72,14.1,4.0,3.81,2.0,3
361,134.0,415.0,0,0,0.0,141.7,95.0,24.09,205.6,101.0,17.48,218.5,60.0,9.83,8.8,6.0,2.38,0.0,3
362,80.0,415.0,0,0,0.0,268.7,120.0,45.68,301.0,147.0,25.59,167.0,140.0,7.52,5.8,1.0,1.57,2.0,1
363,85.0,415.0,0,0,0.0,255.3,114.0,43.4,194.6,83.0,16.54,276.6,78.0,12.45,3.7,5.0,1.0,3.0,1
364,120.0,408.0,0,1,26.0,239.4,94.0,40.7,259.4,88.0,22.05,238.0,132.0,10.71,7.7,3.0,2.08,0.0,1
365,120.0,425.5,0,0,0.0,158.0,110.0,26.86,197.0,103.0,16.75,154.9,132.0,6.97,10.0,5.0,2.7,1.0,4
366,125.0,415.0,0,0,0.0,182.3,64.0,30.99,139.8,121.0,11.88,171.6,96.0,7.72,11.6,7.0,3.13,2.0,4
367,118.0,415.0,0,1,39.0,91.5,125.0,15.56,219.9,113.0,18.69,229.0,99.0,10.31,12.7,8.0,3.43,2.0,3
368,62.0,415.0,0,0,0.0,172.4,132.0,29.31,230.5,100.0,19.59,228.2,109.0,10.27,11.0,5.0,2.97,0.0,1
369,112.0,425.5,0,0,0.0,174.5,127.0,29.67,259.3,71.0,22.04,170.5,120.0,7.67,11.3,7.0,3.05,1.0,2
370,68.0,425.5,0,0,0.0,157.3,83.0,26.74,220.9,85.0,18.78,218.9,129.0,9.85,12.0,7.0,3.24,1.0,3
371,201.0,415.0,0,1,21.0,192.0,97.0,32.64,239.1,81.0,20.32,116.1,125.0,5.22,15.1,3.0,4.08,1.0,2
372,116.0,425.5,0,0,0.0,160.7,69.0,27.32,146.8,106.0,12.48,287.8,144.0,12.95,8.2,5.0,2.21,0.0,4
373,133.0,425.5,0,0,0.0,227.4,90.0,38.66,73.2,135.0,6.22,114.3,99.0,5.14,4.7,7.0,1.27,0.0,4
374,125.0,408.0,0,0,0.0,191.6,115.0,32.57,205.6,108.0,17.48,210.2,123.0,9.46,9.2,3.0,2.48,2.0,4
375,21.0,425.5,0,0,0.0,225.0,110.0,38.25,244.2,111.0,20.76,221.2,93.0,9.95,10.7,4.0,2.89,0.0,1
376,110.0,408.0,0,0,0.0,196.1,103.0,33.34,199.7,123.0,16.97,135.9,71.0,6.12,12.9,1.0,3.48,3.0,2
377,83.0,415.0,0,0,0.0,231.3,100.0,39.32,210.4,84.0,17.88,217.4,106.0,9.78,12.4,2.0,3.35,3.0,1
378,101.0,415.0,0,1,42.0,209.2,82.0,35.56,159.7,74.0,13.57,181.6,100.0,8.17,9.5,3.0,2.57,0.0,4
379,117.0,415.0,0,1,17.0,221.3,82.0,37.62,167.6,100.0,14.25,262.7,87.0,11.82,4.4,4.0,1.19,0.0,4
380,127.0,408.0,0,0,0.0,139.6,94.0,23.73,240.9,112.0,20.48,127.1,88.0,5.72,8.8,4.0,2.38,2.0,2
381,138.0,425.5,0,1,26.0,183.9,83.0,31.26,240.7,93.0,20.46,185.7,125.0,8.36,15.0,3.0,4.05,1.0,2
382,120.0,415.0,0,0,0.0,203.3,108.0,34.56,259.9,66.0,22.09,115.9,103.0,5.22,7.8,2.0,2.11,3.0,2
383,141.0,415.0,0,1,37.0,185.4,87.0,31.52,178.5,128.0,15.17,218.3,107.0,9.82,8.0,3.0,2.16,3.5,4
384,87.0,425.5,0,1,22.0,240.8,102.0,40.94,75.9,106.0,6.45,224.6,115.0,10.11,7.1,3.0,1.92,2.0,4
385,97.0,408.0,0,0,0.0,276.1,82.0,46.94,201.1,106.0,17.09,231.3,73.0,10.41,8.9,4.0,2.4,0.0,1
386,162.0,408.0,0,1,26.0,179.7,144.0,30.55,218.1,129.0,18.54,212.3,105.0,9.55,9.3,8.0,2.51,1.0,2
387,119.0,425.5,0,0,0.0,81.9,75.0,13.92,253.8,114.0,21.57,213.1,125.0,9.59,8.9,1.0,2.4,2.0,3
388,107.0,425.5,0,1,25.0,248.6,91.0,42.26,119.3,115.0,10.14,194.3,83.0,8.74,12.0,1.0,3.24,1.0,4
389,140.0,425.5,0,1,28.0,157.1,77.0,26.71,172.4,97.0,14.65,184.5,94.0,8.3,11.1,9.0,3.0,1.0,4
390,91.0,415.0,0,0,0.0,153.0,123.0,26.01,141.1,127.0,11.99,171.5,76.0,7.72,10.3,10.5,2.78,1.0,4
391,135.0,415.0,0,0,0.0,218.8,123.0,37.2,242.8,64.0,20.64,85.8,80.0,3.86,10.3,3.0,2.78,3.5,2
392,86.0,408.0,0,1,21.0,197.9,99.0,33.64,165.6,100.0,14.08,208.0,120.0,9.36,10.1,9.0,2.73,0.0,4
393,131.0,415.0,0,0,0.0,166.5,129.0,28.31,210.2,107.0,17.87,257.2,93.0,11.57,9.9,5.0,2.67,1.0,3
394,86.0,415.0,0,1,29.0,225.4,79.0,38.32,187.1,112.0,15.9,281.1,112.0,12.65,12.9,3.0,3.48,1.0,1
395,85.0,415.0,0,0,0.0,210.3,66.0,35.75,195.8,76.0,16.64,221.6,82.0,9.97,11.2,7.0,3.02,1.0,4
396,195.0,415.0,0,1,36.0,231.7,110.0,39.39,225.1,88.0,19.13,201.7,89.0,9.08,12.1,2.0,3.27,0.0,4
397,177.0,408.0,0,0,0.0,189.5,99.0,32.22,176.3,117.0,14.99,225.9,112.0,10.17,14.2,2.0,3.83,1.0,4
398,100.0,408.0,0,0,0.0,70.8,94.0,12.04,215.6,102.0,18.33,230.8,125.0,10.39,9.5,1.0,2.57,3.5,3
399,124.0,415.0,0,0,0.0,131.8,82.0,22.41,284.3,119.0,24.17,305.5,101.0,13.75,11.3,2.0,3.05,1.0,3
400,81.0,425.5,1,0,0.0,250.6,85.0,42.6,187.9,50.5,15.97,120.3,131.0,5.41,7.8,5.0,2.11,1.0,2
401,105.0,415.0,0,0,0.0,281.3,124.0,47.82,301.5,96.0,25.63,202.8,109.0,9.13,8.7,3.0,2.35,0.0,1
402,126.0,415.0,1,1,26.0,129.3,123.0,21.98,176.5,114.0,15.0,154.5,102.0,6.95,9.6,7.0,2.59,1.0,4
403,71.0,425.5,0,0,0.0,238.0,82.0,40.46,278.5,94.0,23.67,193.1,134.0,8.69,11.8,10.0,3.19,0.0,1
404,139.0,415.0,0,0,0.0,211.1,103.0,35.89,206.9,108.0,17.59,193.9,70.0,8.73,5.6,4.0,1.51,0.0,2
405,77.0,415.0,0,0,0.0,169.4,102.0,28.8,184.9,144.0,15.72,234.3,89.0,10.54,3.424999999999998,7.0,0.9174999999999998,1.0,3
406,72.0,408.0,0,0,0.0,177.1,97.0,30.11,184.7,105.0,15.7,174.1,94.0,7.83,8.0,6.0,2.16,1.0,2
407,74.0,415.0,0,1,32.0,174.6,107.0,29.68,310.6,115.0,26.4,234.7,92.0,10.56,9.0,4.0,2.43,1.0,1
408,124.0,415.0,0,0,0.0,150.3,101.0,25.55,255.9,112.0,21.75,136.7,62.0,6.15,12.5,4.0,3.38,2.0,2
409,113.0,408.0,0,1,20.0,157.8,83.0,26.83,161.5,56.0,13.73,271.5,100.0,12.22,8.7,2.0,2.35,3.5,3
410,66.0,425.5,0,0,0.0,118.0,133.0,20.06,248.1,99.0,21.09,214.4,122.0,9.65,5.3,5.0,1.43,1.0,3
411,124.0,415.0,0,1,30.0,144.5,46.25,24.57,262.3,101.0,22.3,226.5,82.0,10.19,12.0,7.0,3.24,2.0,3
412,134.0,408.0,0,0,0.0,183.8,111.0,31.25,123.5,92.0,10.5,160.7,105.0,7.23,6.1,2.0,1.65,1.0,4
413,41.0,415.0,0,1,30.0,191.7,109.0,32.59,193.0,86.0,16.41,149.4,93.0,6.72,11.1,4.0,3.0,1.0,2
414,159.0,415.0,0,1,23.0,153.6,93.0,26.11,216.9,88.0,18.44,161.3,91.0,7.26,12.6,3.0,3.4,2.0,4
415,87.0,408.0,1,1,36.0,171.2,138.0,29.1,185.8,102.0,15.79,227.6,97.0,10.24,10.8,3.0,2.92,1.0,3
416,132.0,415.0,0,0,0.0,240.1,115.0,40.82,180.4,91.0,15.33,133.4,122.0,6.0,8.0,6.0,2.16,3.0,4
417,86.0,408.0,0,0,0.0,83.8,121.0,14.25,240.2,96.0,20.42,158.6,108.0,7.14,6.7,8.0,1.81,1.0,2
418,55.0,415.0,1,0,0.0,269.6,121.0,45.83,171.7,91.0,14.59,219.0,98.0,9.86,8.2,6.0,2.21,1.0,1
419,101.0,415.0,0,0,0.0,136.2,92.0,23.15,220.9,110.0,18.78,196.9,116.0,8.86,13.3,7.0,3.59,3.0,3
420,94.0,408.0,0,0,0.0,269.2,104.0,45.76,193.8,144.0,16.47,257.6,61.0,11.59,8.9,2.0,2.4,3.0,1
421,68.0,408.0,0,0,0.0,219.6,97.0,37.33,141.1,144.0,11.99,205.7,101.0,9.26,10.8,4.0,2.92,2.0,4
422,98.0,408.0,0,0,0.0,236.2,122.0,40.15,189.4,110.0,16.1,153.6,104.0,6.91,13.3,4.0,3.59,0.0,1
423,123.0,408.0,0,0,0.0,260.9,85.0,44.35,168.5,103.0,14.32,178.3,91.0,8.02,13.3,5.0,3.59,3.0,4
424,111.0,408.0,0,0,0.0,249.8,109.0,42.47,242.4,106.0,20.6,231.8,78.0,10.43,11.6,4.0,3.13,0.0,1
425,69.0,425.5,0,1,27.0,268.8,78.0,45.7,246.6,89.0,20.96,271.9,102.0,12.24,16.4,3.0,4.43,0.0,1
426,127.0,415.0,0,1,27.0,140.1,59.0,23.82,223.4,111.0,18.99,257.9,73.0,11.61,3.8,10.0,1.03,1.0,3
427,105.0,415.0,0,0,0.0,193.7,108.0,32.93,183.2,124.0,15.57,293.7,72.0,13.22,10.8,5.0,2.92,1.0,4
428,75.0,415.0,0,0,0.0,224.7,116.0,38.2,192.0,79.0,16.32,212.2,98.0,9.55,11.3,10.5,3.05,3.0,1
429,126.0,415.0,0,0,0.0,190.9,143.0,32.45,149.7,72.0,12.72,191.4,87.0,8.61,13.0,3.0,3.51,1.0,4
430,41.0,415.0,0,0,0.0,232.1,74.0,39.46,327.1,88.0,27.8,226.5,119.0,10.19,10.9,2.0,2.94,3.0,2
431,113.0,415.0,0,0,0.0,90.6,130.0,15.4,170.6,100.0,14.5,137.4,74.0,6.18,5.4,9.0,1.46,1.0,3
432,78.0,425.5,0,0,0.0,152.9,81.0,25.99,256.6,82.0,21.81,173.6,112.0,7.81,5.3,6.0,1.43,2.0,2
433,110.0,415.0,0,0,0.0,241.2,105.0,41.0,174.3,85.0,14.82,245.3,59.0,11.04,8.5,4.0,2.3,2.0,4
434,112.0,415.0,1,1,16.0,200.3,72.0,34.05,197.8,91.0,16.81,151.1,92.0,6.8,10.4,3.0,2.81,1.0,4
435,104.0,425.5,0,0,0.0,97.2,88.0,16.52,155.6,85.0,13.23,261.6,105.0,11.77,12.4,5.0,3.35,0.0,3
436,127.0,425.5,0,0,0.0,224.3,112.0,38.13,185.7,103.0,15.78,159.4,83.0,7.17,10.0,1.0,2.7,2.0,4
437,61.0,408.0,0,0,0.0,267.1,104.0,45.41,180.4,131.0,15.33,230.6,106.0,10.38,17.225,4.0,4.6575,1.0,1
438,65.0,415.0,0,1,29.0,215.5,129.0,36.64,161.9,77.0,13.76,128.3,91.0,5.77,8.8,5.0,2.38,2.0,2
439,152.0,408.0,0,1,20.0,239.1,105.0,40.65,209.1,111.0,17.77,268.2,130.0,12.07,13.3,3.0,3.59,3.5,4
440,63.0,415.0,1,0,0.0,62.9,112.0,10.69,202.9,111.0,17.25,259.0,58.0,11.66,8.9,8.0,2.4,1.0,3
441,100.0,408.0,0,0,0.0,210.9,85.0,35.85,329.3,69.0,27.99,127.1,78.0,5.72,9.4,5.0,2.54,3.5,2
442,29.0,425.5,0,0,0.0,313.2,103.0,53.24,216.3,150.5,18.39,218.4,106.0,9.83,12.8,4.0,3.46,2.0,1
443,175.0,415.0,0,0,0.0,132.0,95.0,22.44,231.2,74.0,19.65,313.4,108.0,14.1,8.7,10.0,2.35,1.0,3
444,98.0,415.0,1,1,23.0,245.5,54.0,41.74,292.7,83.0,24.88,184.0,90.0,8.28,10.8,7.0,2.92,1.0,1
445,121.0,415.0,0,0,0.0,134.1,112.0,22.8,195.1,104.0,16.58,159.6,139.0,7.18,10.5,2.0,2.84,2.0,4
446,104.0,415.0,0,0,0.0,144.5,107.0,24.57,180.5,85.0,15.34,226.0,94.0,10.17,17.0,6.0,4.59,2.0,3
447,123.0,415.0,0,0,0.0,150.0,98.0,25.5,89.8,95.0,7.63,326.0,91.0,14.67,11.1,3.0,3.0,3.0,4
448,61.0,415.0,0,1,33.0,270.7,53.0,46.02,200.7,116.0,17.06,201.7,102.0,9.08,10.9,3.0,2.94,3.0,1
449,160.0,415.0,0,0,0.0,256.0,111.0,43.52,187.4,61.0,15.93,119.1,81.0,5.36,11.5,4.0,3.11,3.0,4
450,153.0,408.0,0,0,0.0,154.6,56.0,26.28,263.0,84.0,22.36,326.82500000000005,89.0,14.709999999999999,15.5,2.0,4.19,1.0,3
451,31.0,425.5,0,0,0.0,165.4,84.0,28.12,203.7,107.0,17.31,201.7,65.0,9.08,8.2,1.0,2.21,1.0,3
452,122.0,415.0,0,0,0.0,168.3,96.0,28.61,87.6,91.0,7.45,247.2,87.0,11.12,8.4,6.0,2.27,1.0,4
453,46.0,415.0,0,1,34.0,191.4,102.0,32.54,334.54999999999995,96.0,28.4275,147.5,132.0,6.64,7.2,2.0,1.94,1.0,2
454,103.0,415.0,0,0,0.0,158.7,90.0,26.98,198.4,117.0,16.86,181.1,76.0,8.15,10.5,4.0,2.84,1.0,2
455,68.0,415.0,1,1,29.0,195.5,113.0,33.24,171.6,96.0,14.59,204.0,85.0,9.18,13.5,9.0,3.65,1.0,4
456,149.0,415.0,0,1,20.0,264.4,102.0,44.95,219.6,123.0,18.67,200.4,89.0,9.02,11.3,3.0,3.05,2.0,1
457,102.0,408.0,0,0,0.0,273.2,85.0,46.44,211.1,82.0,17.94,203.7,129.0,9.17,13.1,7.0,3.54,2.0,1
458,153.0,425.5,0,0,0.0,159.5,103.0,27.12,275.5,90.0,23.42,176.7,126.0,7.95,10.1,2.0,2.73,1.0,2
459,122.0,425.5,0,0,0.0,145.6,102.0,24.75,284.7,111.0,24.2,228.2,91.0,10.27,12.2,5.0,3.29,0.0,2
460,127.0,425.5,1,0,0.0,247.5,99.0,42.08,108.5,118.0,9.22,232.0,72.0,10.44,10.6,3.0,2.86,2.0,4
461,126.0,415.0,1,0,0.0,239.7,87.0,40.75,281.7,92.0,23.94,183.5,113.0,8.26,11.4,1.0,3.08,1.0,1
462,90.0,408.0,0,0,0.0,109.9,102.0,18.68,220.8,114.0,18.77,104.0,133.0,4.68,10.9,6.0,2.94,0.0,2
463,37.0,425.5,0,0,0.0,239.9,120.0,40.78,261.6,88.0,22.24,207.1,88.0,9.32,8.9,4.0,2.4,2.0,1
464,132.0,415.0,0,0,0.0,197.8,66.0,33.63,133.9,119.0,11.38,177.3,94.0,7.98,10.9,3.0,2.94,3.5,4
465,38.0,408.0,0,1,36.0,115.4,98.0,19.62,166.2,83.0,14.13,184.7,79.0,8.31,15.2,6.0,4.1,2.0,3
466,92.0,415.0,0,0,0.0,197.2,113.0,33.52,242.3,116.0,20.6,192.0,76.0,8.64,11.0,5.0,2.97,2.0,1
467,111.0,408.0,0,1,13.0,193.1,104.0,32.83,111.6,98.0,9.49,227.4,94.0,10.23,12.1,4.0,3.27,1.0,4
468,121.0,415.0,0,1,31.0,263.1,70.0,44.73,279.3,118.0,23.74,127.1,143.0,5.72,9.7,4.0,2.62,3.5,1
469,131.0,408.0,0,0,0.0,197.0,79.0,33.49,201.0,114.0,17.09,151.2,111.0,6.8,11.6,5.0,3.13,1.0,4
470,19.0,415.0,0,0,0.0,201.5,123.0,34.26,129.2,110.0,10.98,220.6,98.0,9.93,12.9,4.0,3.48,1.0,4
471,135.0,415.0,0,0,0.0,173.4,107.0,29.48,222.0,84.0,18.87,72.62499999999997,94.0,3.2700000000000014,13.7,6.0,3.7,1.0,2
472,129.0,408.0,0,0,0.0,101.4,145.0,17.24,249.1,116.0,21.17,157.6,107.0,7.09,7.1,6.0,1.92,1.0,2
473,142.0,415.0,0,0,0.0,232.5,74.0,39.53,181.8,142.0,15.45,203.1,86.0,9.14,10.4,6.0,2.81,3.5,4
474,130.0,415.0,0,1,45.0,174.5,120.0,29.67,217.5,95.0,18.49,220.3,67.0,9.91,12.2,2.0,3.29,1.0,3
475,92.0,415.0,0,0,0.0,181.4,98.0,30.84,164.5,98.0,13.98,171.0,110.0,7.69,10.9,4.0,2.94,2.0,2
476,146.0,415.0,0,1,11.0,180.7,82.0,30.72,173.7,90.0,14.76,231.5,89.0,10.42,10.1,4.0,2.73,2.0,4
477,152.0,425.5,1,1,41.0,146.8,128.0,24.96,285.6,96.0,24.28,213.6,80.0,9.61,4.3,2.0,1.16,1.0,2
478,189.0,415.0,0,0,0.0,227.8,124.0,38.73,169.5,112.0,14.41,201.1,91.0,9.05,5.6,4.0,1.51,3.0,4
479,95.0,415.0,0,1,23.0,160.3,87.0,27.25,202.4,101.0,17.2,191.1,122.0,8.6,7.4,3.0,2.0,0.0,2
480,1.0,408.0,0,0,0.0,175.2,74.0,29.78,151.7,79.0,12.89,230.5,109.0,10.37,5.3,3.0,1.43,1.0,4
481,141.0,415.0,0,1,39.0,116.9,127.0,19.87,276.5,88.0,23.5,289.9,125.0,13.05,12.3,2.0,3.32,0.0,3
482,111.0,425.5,0,0,0.0,152.2,114.0,25.87,137.2,102.0,11.66,185.9,97.0,8.37,9.8,3.0,2.65,0.0,4
483,143.0,408.0,0,0,0.0,167.8,72.0,28.53,211.0,99.0,17.94,153.5,109.0,6.91,10.5,6.0,2.84,3.5,4
484,148.0,415.0,0,1,21.0,262.9,135.0,44.69,149.5,96.0,12.71,140.5,109.0,6.32,8.1,4.0,2.19,1.0,4
485,143.0,408.0,0,1,22.0,141.8,116.0,24.11,167.3,99.0,14.22,178.1,130.0,8.01,7.8,3.0,2.11,1.0,4
486,90.0,415.0,0,0,0.0,167.5,96.0,28.48,139.1,104.0,11.82,138.4,87.0,6.23,13.0,1.0,3.51,1.0,2
487,169.0,408.0,0,0,0.0,147.2,115.0,25.02,161.9,123.0,13.76,142.1,103.0,6.39,7.2,6.0,1.94,3.0,4
488,53.0,415.0,0,0,0.0,145.1,116.0,24.67,233.7,82.0,19.86,208.7,95.0,9.39,7.9,5.0,2.13,2.0,3
489,15.0,415.0,0,0,0.0,135.2,101.0,22.98,152.5,79.0,12.96,224.8,83.0,10.12,8.4,5.0,2.27,2.0,4
490,123.0,408.0,0,1,28.0,124.7,105.0,21.2,250.4,78.0,21.28,216.4,128.0,9.74,7.8,8.0,2.11,1.0,3
491,95.0,425.5,0,0,0.0,174.0,57.0,29.58,281.1,118.0,23.89,197.2,94.0,8.87,9.7,2.0,2.62,0.0,2
492,82.0,425.5,0,0,0.0,265.2,122.0,45.08,178.7,102.0,15.19,174.7,90.0,7.86,10.7,9.0,2.89,2.0,1
493,180.0,415.0,0,0,0.0,143.3,134.0,24.36,180.5,113.0,15.34,184.2,87.0,8.29,10.1,4.0,2.73,1.0,4
494,125.0,408.0,0,0,0.0,113.0,108.0,19.21,169.2,107.0,14.38,156.6,61.0,7.05,9.2,5.0,2.48,2.0,3
495,138.0,415.0,1,1,28.0,211.2,117.0,35.9,312.5,98.0,26.56,178.0,118.0,8.01,10.7,2.0,2.89,3.0,1
496,90.0,408.0,0,0,0.0,157.9,72.0,26.84,234.0,93.0,19.89,210.0,86.0,9.45,12.2,5.0,3.29,2.0,3
497,190.0,408.0,0,0,0.0,182.2,101.0,30.97,212.3,95.0,18.05,233.0,123.0,10.49,9.3,4.0,2.51,2.0,4
498,143.0,425.5,0,1,33.0,141.4,130.0,24.04,186.4,114.0,15.84,210.0,111.0,9.45,7.7,6.0,2.08,1.0,4
499,183.0,425.5,0,0,0.0,108.3,87.0,18.41,183.6,116.0,15.61,176.6,109.0,7.95,13.5,2.0,3.65,0.0,4
500,58.0,415.0,0,0,0.0,247.2,116.0,42.02,303.7,103.0,25.81,105.4,94.0,4.74,9.3,2.0,2.51,2.0,2
501,123.0,415.0,0,0,0.0,166.9,98.0,28.37,221.8,77.0,18.85,243.9,114.0,10.98,12.8,4.0,3.46,3.0,3
502,155.0,425.5,0,0,0.0,71.2,90.0,12.1,304.4,119.0,25.87,183.3,103.0,8.25,8.6,4.0,2.32,0.0,2
503,53.0,415.0,0,0,0.0,164.1,106.0,27.9,206.0,56.0,17.51,194.7,124.0,8.76,11.4,2.0,3.08,1.0,3
504,101.0,415.0,0,0,0.0,154.4,130.0,26.25,217.2,101.0,18.46,185.4,52.0,8.34,13.9,4.0,3.75,1.0,2
505,122.0,408.0,0,0,0.0,231.2,141.0,39.3,267.8,136.0,22.76,240.3,100.0,10.81,8.8,5.0,2.38,1.0,1
506,163.0,415.0,0,0,0.0,202.9,100.0,34.49,178.6,50.5,15.18,203.8,116.0,9.17,12.8,3.0,3.46,3.5,4
507,120.0,415.0,0,0,0.0,177.2,88.0,30.12,270.4,99.0,22.98,231.5,90.0,10.42,14.0,2.0,3.78,2.0,2
508,196.0,415.0,0,0,0.0,133.1,80.0,22.63,206.5,120.0,17.55,221.6,96.0,9.97,10.3,8.0,2.78,1.0,4
509,147.0,415.0,0,1,38.0,243.4,126.0,41.38,273.8,109.0,23.27,282.9,91.0,12.73,14.1,8.0,3.81,2.0,1
510,81.0,408.0,0,1,46.0,168.3,124.0,28.61,270.9,103.0,23.03,222.5,98.0,10.01,6.7,2.0,1.81,3.5,1
511,165.0,415.0,0,1,33.0,111.6,140.0,18.97,213.3,111.0,18.13,267.6,115.0,12.04,16.0,3.0,4.32,0.0,3
512,115.0,415.0,0,0,0.0,206.2,113.0,35.05,176.4,102.0,14.99,297.1,119.0,13.37,11.0,7.0,2.97,1.0,4
513,90.0,408.0,0,1,27.0,156.7,51.0,26.64,236.5,118.0,20.1,123.2,111.0,5.54,12.6,6.0,3.4,2.0,2
514,37.0,415.0,0,0,0.0,221.0,126.0,37.57,204.5,110.0,17.38,118.0,98.0,5.31,6.8,3.0,1.84,3.5,2
515,76.0,425.5,0,0,0.0,165.7,94.0,28.17,257.4,80.0,21.88,170.8,114.0,7.69,10.0,4.0,2.7,1.0,2
516,109.0,425.5,0,0,0.0,154.8,82.0,26.32,287.7,109.0,24.45,208.4,80.0,9.38,5.9,9.0,1.59,3.0,2
517,105.0,425.5,0,0,0.0,125.4,116.0,21.32,261.5,95.0,22.23,241.6,104.0,10.87,11.4,9.0,3.08,2.0,3
518,74.0,415.0,0,0,0.0,124.8,114.0,21.22,133.0,121.0,11.31,160.3,85.0,7.21,10.6,7.0,2.86,3.0,4
519,76.0,415.0,0,0,0.0,179.2,85.0,30.46,222.9,66.0,18.95,188.2,113.0,8.47,12.4,2.0,3.35,0.0,3
520,116.0,415.0,0,0,0.0,245.9,73.0,41.8,240.1,87.0,20.41,158.7,89.0,7.14,8.9,5.0,2.4,3.0,1
521,138.0,425.5,0,0,0.0,205.9,96.0,35.0,257.1,94.0,21.85,209.0,63.0,9.4,12.1,8.0,3.27,0.0,1
522,102.0,415.0,0,0,0.0,186.8,92.0,31.76,173.7,123.0,14.76,250.9,131.0,11.29,9.7,4.0,2.62,2.0,4
523,164.0,425.5,0,0,0.0,192.1,95.0,32.66,249.8,94.0,21.23,132.6,100.0,5.97,7.3,3.0,1.97,3.0,2
524,125.0,415.0,0,0,0.0,240.7,82.0,40.92,269.4,85.0,22.9,187.1,74.0,8.42,10.1,3.0,2.73,0.0,1
525,206.0,425.5,0,0,0.0,255.1,124.0,43.37,230.6,110.0,19.6,218.0,69.0,9.81,8.5,5.0,2.3,3.0,4
526,116.0,408.0,0,1,24.0,183.6,138.0,31.21,203.8,90.0,17.32,166.9,89.0,7.51,6.0,3.0,1.62,2.0,2
527,189.0,415.0,0,1,30.0,155.2,116.0,26.38,195.5,50.5,16.62,170.1,108.0,7.65,15.4,6.0,4.16,1.0,4
528,84.0,425.5,0,0,0.0,203.4,125.0,34.58,182.9,88.0,15.55,213.7,121.0,9.62,13.8,2.0,3.73,1.0,4
529,182.0,415.0,0,0,0.0,279.1,124.0,47.45,180.5,108.0,15.34,217.5,104.0,9.79,9.5,10.5,2.57,2.0,4
530,171.0,425.5,0,0,0.0,189.8,122.0,32.27,173.7,85.0,14.76,257.1,84.0,11.57,10.3,1.0,2.78,0.0,4
531,90.0,415.0,0,0,0.0,198.5,124.0,33.75,266.6,100.0,22.66,243.3,80.0,10.95,8.0,7.0,2.16,2.0,1
532,117.0,425.5,0,0,0.0,158.7,84.0,26.98,181.7,91.0,15.44,177.3,67.0,7.98,7.7,10.0,2.08,2.0,2
533,186.0,425.5,0,0,0.0,137.8,97.0,23.43,187.7,118.0,15.95,146.4,85.0,6.59,8.7,6.0,2.35,1.0,4
534,55.0,408.0,0,1,39.0,139.3,101.0,23.68,178.3,117.0,15.16,246.5,104.0,11.09,8.1,1.0,2.19,3.0,3
535,74.0,408.0,0,0,0.0,177.4,136.0,30.16,240.3,104.0,20.43,237.3,133.0,10.68,12.0,3.0,3.24,0.0,1
536,130.0,408.0,0,0,0.0,115.6,129.0,19.65,167.8,104.0,14.26,141.8,124.0,6.38,12.6,9.0,3.4,1.0,4
537,80.0,408.0,0,0,0.0,51.5,90.0,8.76,164.0,98.0,13.94,169.4,80.0,7.62,9.5,4.0,2.57,3.0,3
538,120.0,415.0,0,0,0.0,131.7,99.0,22.39,163.1,109.0,13.86,201.1,116.0,9.05,10.7,3.0,2.89,1.0,4
539,84.0,408.0,0,1,30.0,106.5,65.0,18.11,225.7,108.0,19.18,188.6,61.0,8.49,5.7,3.0,1.54,2.0,3
540,134.0,425.5,0,1,34.0,247.2,105.0,42.02,225.5,133.0,19.17,186.3,76.0,8.38,6.1,5.0,1.65,2.0,1
541,68.0,415.0,0,0,0.0,158.8,119.0,27.0,211.8,105.0,18.0,198.1,101.0,8.91,10.3,3.0,2.78,1.0,3
542,119.0,408.0,0,0,0.0,239.1,88.0,40.65,243.5,79.0,20.7,230.9,92.0,10.39,10.9,3.0,2.94,3.0,1
543,166.0,415.0,1,1,28.0,175.8,126.0,29.89,253.6,76.0,21.56,128.5,72.0,5.78,11.4,5.0,3.08,1.0,2
544,90.0,415.0,0,1,42.0,193.3,66.0,32.86,263.3,85.0,22.38,214.4,97.0,9.65,11.1,4.0,3.0,0.0,1
545,82.0,415.0,0,1,33.0,137.8,95.0,23.43,235.5,128.0,20.02,268.1,70.0,12.06,11.0,6.0,2.97,2.0,3
546,130.0,415.0,0,0,0.0,263.7,113.0,44.83,186.5,103.0,15.85,195.3,99.0,8.79,17.225,6.0,4.6575,1.0,4
547,130.0,408.0,0,0,0.0,252.0,101.0,42.84,170.2,105.0,14.47,209.2,64.0,9.41,5.7,5.0,1.54,0.0,4
548,155.0,408.0,1,0,0.0,163.1,94.0,27.73,291.7,108.0,24.79,96.4,111.0,4.34,11.2,3.0,3.02,0.0,2
549,81.0,415.0,0,0,0.0,324.7,48.0,55.2,236.4,82.0,20.09,187.6,78.0,8.44,13.1,5.0,3.54,0.0,1
550,75.0,408.0,0,0,0.0,203.3,70.0,34.56,228.9,97.0,19.46,222.2,118.0,10.0,14.3,3.0,3.86,1.0,1
551,178.0,415.0,0,1,35.0,175.4,88.0,29.82,190.0,65.0,16.15,138.7,94.0,6.24,10.5,3.0,2.84,2.0,4
552,112.0,415.0,0,0,0.0,266.0,97.0,45.22,214.6,94.0,18.24,306.2,100.0,13.78,14.2,2.0,3.83,2.0,1
553,100.0,425.5,0,0,0.0,78.7,98.0,13.38,225.6,102.0,19.18,150.4,106.0,6.77,14.0,8.0,3.78,0.0,2
554,104.0,415.0,0,0,0.0,225.9,123.0,38.4,162.8,106.0,13.84,272.1,85.0,12.24,10.1,4.0,2.73,1.0,4
555,160.0,408.0,0,0,0.0,216.8,77.0,36.86,207.3,117.0,17.62,228.6,117.0,10.29,5.6,2.0,1.51,1.0,4
556,87.0,415.0,0,0,0.0,58.0,125.0,9.86,72.95000000000005,116.0,6.2075,185.9,136.0,8.37,11.5,3.0,3.11,0.0,4
557,81.0,415.0,0,0,0.0,173.2,80.0,29.44,236.2,94.0,20.08,240.2,84.0,10.81,11.8,6.0,3.19,2.0,3
558,28.0,415.0,0,0,0.0,236.8,102.0,40.26,167.1,87.0,14.2,280.2,115.0,12.61,9.7,3.0,2.62,3.0,4
559,95.0,408.0,0,0,0.0,237.3,83.0,40.34,154.0,65.0,13.09,237.0,105.0,10.67,11.2,6.0,3.02,1.0,4
560,35.0,408.0,0,0,0.0,158.6,67.0,26.96,130.4,96.0,11.08,229.8,80.0,10.34,6.9,5.0,1.86,2.0,4
561,134.0,425.5,0,0,0.0,296.0,93.0,50.32,226.4,117.0,19.24,246.8,98.0,11.11,12.3,10.0,3.32,0.0,1
562,185.0,415.0,0,1,19.0,157.3,123.0,26.74,257.7,94.0,21.9,190.4,107.0,8.57,9.6,6.0,2.59,0.0,2
563,85.0,408.0,0,0,0.0,144.4,88.0,24.55,264.6,105.0,22.49,185.4,94.0,8.34,9.9,3.0,2.67,1.0,2
564,148.0,415.0,0,1,36.0,77.6,141.0,13.19,207.0,60.0,17.6,255.7,115.0,11.51,10.9,2.0,2.94,1.0,3
565,134.0,408.0,0,1,32.0,80.3,94.0,13.65,199.9,124.0,16.99,170.8,117.0,7.69,16.6,3.0,4.48,0.0,3
566,80.0,408.0,0,1,36.0,190.3,115.0,32.35,256.6,78.0,21.81,214.9,145.0,9.67,3.8,4.0,1.03,1.0,1
567,165.0,425.5,0,0,0.0,209.4,67.0,35.6,273.8,89.0,23.27,150.2,88.0,6.76,12.8,1.0,3.46,0.0,2
568,65.0,415.0,0,1,34.0,208.8,119.0,35.5,142.1,106.0,12.08,214.6,87.0,9.66,12.5,4.0,3.38,3.5,4
569,104.0,415.0,0,0,0.0,113.6,87.0,19.31,158.6,98.0,13.48,187.7,87.0,8.45,10.5,6.0,2.84,2.0,4
570,44.0,415.0,0,0,0.0,202.6,89.0,34.44,163.0,96.0,13.86,268.1,151.0,12.06,8.3,3.0,2.24,0.0,4
571,162.0,415.0,0,0,0.0,135.2,98.0,22.98,242.0,107.0,20.57,246.9,96.0,11.11,10.2,2.0,2.75,2.0,3
572,96.0,415.0,0,0,0.0,276.9,105.0,47.07,246.9,94.0,20.99,254.4,107.0,11.45,10.3,3.0,2.78,1.0,1
573,72.0,425.5,0,0,0.0,287.4,116.0,48.86,235.3,126.0,20.0,292.1,114.0,13.14,5.0,3.0,1.35,3.5,1
574,31.0,415.0,0,0,0.0,97.5,129.0,16.58,260.4,78.0,22.13,88.7,100.0,3.99,7.0,5.0,1.89,1.0,2
575,72.0,415.0,0,0,0.0,166.5,102.0,28.31,261.0,103.0,22.19,262.7,85.0,11.82,13.3,5.0,3.59,0.0,3
576,136.0,408.0,0,0,0.0,102.1,75.0,17.36,219.5,97.0,18.66,73.7,92.0,3.32,9.8,5.0,2.65,0.0,2
577,82.0,415.0,0,1,19.0,146.5,73.0,24.91,246.4,65.0,20.94,199.0,114.0,8.96,4.1,4.0,1.11,1.0,3
578,155.0,408.0,1,0,0.0,250.8,146.0,42.64,152.5,105.0,12.96,148.1,104.0,6.66,10.0,5.0,2.7,2.0,4
579,136.0,415.0,0,0,0.0,163.4,83.0,27.78,249.3,119.0,21.19,249.7,90.0,11.24,9.8,4.0,2.65,3.5,3
580,57.0,415.0,0,0,0.0,161.0,113.0,27.37,208.0,134.0,17.68,208.1,81.0,9.36,8.4,4.0,2.27,3.0,3
581,112.0,415.0,0,0,0.0,81.6,94.0,13.87,268.1,112.0,22.79,140.8,75.0,6.34,8.6,10.5,2.32,1.0,2
582,95.0,408.0,0,0,0.0,128.6,115.0,21.86,216.2,88.0,18.38,255.3,96.0,11.49,6.3,2.0,1.7,3.5,3
583,113.0,415.0,0,1,30.0,183.8,102.0,31.25,183.4,123.0,15.59,235.0,52.0,10.58,11.6,7.0,3.13,0.0,3
584,103.0,415.0,0,0,0.0,180.2,134.0,30.63,97.7,85.0,8.3,181.7,134.0,8.18,8.4,3.0,2.27,1.0,4
585,149.0,415.0,0,1,20.0,147.8,132.0,25.13,276.8,94.0,23.53,149.9,110.0,6.75,10.2,6.0,2.75,0.0,2
586,116.0,408.0,0,0,0.0,110.9,54.0,18.85,213.4,82.0,18.14,186.2,116.0,8.38,7.9,2.0,2.13,2.0,3
587,95.0,425.5,0,0,0.0,58.2,96.0,9.89,202.1,126.0,17.18,210.5,97.0,9.47,10.4,5.0,2.81,0.0,3
588,201.0,425.5,0,0,0.0,212.7,72.0,36.16,225.2,90.0,19.14,195.1,99.0,8.78,7.0,6.0,1.89,1.0,4
589,150.0,415.0,0,0,0.0,214.0,117.0,36.38,192.4,89.0,16.35,242.6,99.0,10.92,7.9,4.0,2.13,1.0,4
590,108.0,408.0,1,0,0.0,115.1,114.0,19.57,211.3,70.0,17.96,136.1,85.0,6.12,13.8,3.0,3.73,2.0,3
591,101.0,415.0,1,0,0.0,156.4,116.0,26.59,130.4,114.0,11.08,207.3,109.0,9.33,7.3,5.0,1.97,1.0,4
592,182.0,415.0,0,1,24.0,128.1,104.0,21.78,143.4,127.0,12.19,191.0,98.0,8.59,11.6,3.0,3.13,1.0,4
593,128.0,408.0,0,0,0.0,227.9,130.0,38.74,302.6,71.0,25.72,191.5,82.0,8.62,5.5,7.0,1.49,1.0,1
594,113.0,408.0,0,1,34.0,44.9,63.0,7.63,134.2,82.0,11.41,168.4,118.0,7.58,13.3,3.0,3.59,1.0,3
595,76.0,415.0,0,0,0.0,171.1,78.0,29.09,257.2,83.0,21.86,91.6,92.0,4.12,16.2,3.0,4.37,1.0,2
596,204.0,425.5,0,0,0.0,205.2,145.0,34.88,154.8,95.0,13.16,191.4,77.0,8.61,14.1,5.0,3.81,3.0,4
597,32.0,415.0,0,1,31.0,232.8,97.0,39.58,183.5,111.0,15.6,206.8,111.0,9.31,13.0,2.0,3.51,0.0,4
598,103.0,415.0,0,1,37.0,153.5,78.0,26.1,241.9,108.0,20.56,244.7,110.0,11.01,10.6,3.0,2.86,1.0,3
599,148.0,425.5,0,0,0.0,203.0,92.0,34.51,150.9,125.0,12.83,245.5,131.0,11.05,14.6,9.0,3.94,1.0,4
600,57.0,415.0,0,0,0.0,85.9,92.0,14.6,193.9,127.0,16.48,231.5,93.0,10.42,10.1,2.0,2.73,0.0,3
601,64.0,415.0,1,0,0.0,146.7,83.0,24.94,148.3,91.0,12.61,238.6,69.0,10.74,12.5,3.0,3.38,3.0,4
602,70.0,415.0,0,0,0.0,152.8,145.0,25.98,183.6,102.0,15.61,151.8,75.0,6.83,10.5,2.0,2.84,1.0,2
603,142.0,408.0,0,0,0.0,216.8,134.0,36.86,187.8,106.0,15.96,138.1,108.0,6.21,8.3,2.0,2.24,0.0,4
604,88.0,415.0,0,0,0.0,172.8,81.0,29.38,193.4,90.0,16.44,89.6,107.0,4.03,12.8,5.0,3.46,2.0,2
605,131.0,425.5,0,0,0.0,263.4,123.0,44.78,151.9,74.0,12.91,218.5,101.0,9.83,10.7,2.0,2.89,2.0,4
606,130.0,408.0,0,0,0.0,271.8,129.0,46.21,237.2,128.0,20.16,210.1,91.0,9.45,8.7,2.0,2.35,3.5,1
607,166.0,425.5,0,0,0.0,199.6,93.0,33.93,214.3,99.0,18.22,196.8,110.0,8.86,7.2,5.0,1.94,3.0,4
608,130.0,425.5,0,0,0.0,203.9,63.0,34.66,191.8,93.0,16.3,132.5,125.0,5.96,12.1,4.0,3.27,3.0,4
609,111.0,425.5,0,0,0.0,78.3,119.0,13.31,198.2,94.0,16.85,248.5,94.0,11.18,12.1,4.0,3.27,1.0,3
610,100.0,415.0,0,1,32.0,125.2,123.0,21.28,230.9,101.0,19.63,192.0,106.0,8.64,12.6,9.0,3.4,3.0,3
611,57.0,415.0,0,0,0.0,221.1,101.0,37.59,236.7,65.0,20.12,252.3,137.0,11.35,9.5,1.0,2.57,0.0,1
612,139.0,408.0,0,0,0.0,139.0,110.0,23.63,132.9,93.0,11.3,272.0,120.0,12.24,12.1,1.0,3.27,0.0,3
613,113.0,415.0,0,0,0.0,159.8,143.0,27.17,210.1,93.0,17.86,175.1,86.0,7.88,13.1,7.0,3.54,2.0,2
614,108.0,415.0,0,0,0.0,239.3,102.0,40.68,223.4,127.0,18.99,251.4,104.0,11.31,10.6,6.0,2.86,0.0,1
615,100.0,415.0,0,0,0.0,113.3,96.0,19.26,197.9,89.0,16.82,284.5,93.0,12.8,11.7,2.0,3.16,3.5,3
616,120.0,425.5,0,0,0.0,192.6,123.0,32.74,206.4,105.0,17.54,283.2,93.0,12.74,10.8,3.0,2.92,1.0,3
617,107.0,408.0,0,1,36.0,96.3,83.0,16.37,179.6,91.0,15.27,166.3,121.0,7.48,10.3,2.0,2.78,1.0,3
618,104.0,408.0,0,0,0.0,280.4,127.0,47.67,179.4,79.0,15.25,150.6,77.0,6.78,15.2,6.0,4.1,3.5,1
619,62.0,415.0,0,0,0.0,245.3,91.0,41.7,122.9,130.0,10.45,228.4,102.0,10.28,8.5,4.0,2.3,3.5,4
620,34.0,415.0,0,1,14.0,151.5,100.0,25.76,248.7,126.0,21.14,199.8,120.0,8.99,10.7,5.0,2.89,2.0,2
621,183.0,415.0,0,0,0.0,190.0,100.0,32.3,246.6,78.0,20.96,304.2,107.0,13.69,9.5,4.0,2.57,1.0,3
622,123.0,408.0,0,0,0.0,114.8,94.0,19.52,150.0,104.0,12.75,268.6,119.0,12.09,9.6,4.0,2.59,2.0,3
623,64.0,408.0,0,0,0.0,113.8,97.0,19.35,192.3,97.0,16.35,214.9,89.0,9.67,10.4,1.0,2.81,3.0,3
624,27.0,415.0,0,0,0.0,227.4,67.0,38.66,248.0,115.0,21.08,72.62499999999997,109.0,3.2700000000000014,7.8,6.0,2.11,1.0,2
625,123.0,408.0,0,0,0.0,224.0,99.0,38.08,210.7,80.0,17.91,231.9,75.0,10.44,3.424999999999998,5.0,0.9174999999999998,0.0,1
626,84.0,408.0,0,1,41.0,153.9,102.0,26.16,140.7,117.0,11.96,217.7,101.0,9.8,12.8,5.0,3.46,1.0,4
627,91.0,415.0,0,0,0.0,190.5,128.0,32.39,205.5,103.0,17.47,130.7,63.0,5.88,13.8,5.0,3.73,0.0,2
628,95.0,425.5,0,0,0.0,157.3,116.0,26.74,197.5,77.0,16.79,128.2,111.0,5.77,8.4,4.0,2.27,2.0,2
629,73.0,415.0,0,0,0.0,240.3,130.0,40.85,162.5,83.0,13.81,231.9,136.0,10.44,11.9,3.0,3.21,0.0,4
630,58.0,408.0,0,1,39.0,211.9,46.25,36.02,274.4,76.0,23.32,210.5,139.0,9.47,5.4,4.0,1.46,1.0,1
631,88.0,415.0,0,0,0.0,113.7,67.0,19.33,165.1,127.0,14.03,141.5,142.0,6.37,10.8,3.0,2.92,1.0,3
632,67.0,415.0,0,1,41.0,174.7,86.0,29.7,160.6,93.0,13.65,155.3,108.0,6.99,13.4,1.0,3.62,0.0,2
633,152.0,425.5,0,0,0.0,161.4,84.0,27.44,163.6,88.0,13.91,153.2,121.0,6.89,11.8,5.0,3.19,1.0,4
634,142.0,425.5,0,1,40.0,230.7,101.0,39.22,256.8,88.0,21.83,263.9,92.0,11.88,6.4,3.0,1.73,1.0,1
635,105.0,408.0,0,0,0.0,232.6,96.0,39.54,253.4,117.0,21.54,154.0,101.0,6.93,10.5,9.0,2.84,1.0,2
636,93.0,408.0,0,1,22.0,306.2,123.0,52.05,189.7,83.0,16.12,240.3,107.0,10.81,11.7,2.0,3.16,0.0,1
637,79.0,415.0,0,0,0.0,236.8,135.0,40.26,186.4,87.0,15.84,126.9,112.0,5.71,10.4,5.0,2.81,2.0,2
638,88.0,408.0,0,0,0.0,153.5,94.0,26.1,251.7,118.0,21.39,182.2,99.0,8.2,8.5,6.0,2.3,1.0,2
639,110.0,408.0,0,0,0.0,159.5,145.0,27.12,202.3,101.0,17.2,256.0,96.0,11.52,16.7,2.0,4.51,2.0,3
640,206.0,415.0,0,0,0.0,153.7,105.0,26.13,188.6,87.0,16.03,200.8,95.0,9.04,10.7,2.0,2.89,0.0,4
641,27.0,425.5,0,0,0.0,232.1,81.0,39.46,210.8,101.0,17.92,165.4,87.0,7.44,15.0,6.0,4.05,3.5,2
642,117.0,415.0,0,0,0.0,201.9,86.0,34.32,212.3,96.0,18.05,176.9,98.0,7.96,7.8,10.0,2.11,1.0,2
643,87.0,408.0,0,0,0.0,186.9,79.0,31.77,182.6,105.0,15.52,143.1,90.0,6.44,4.2,10.5,1.13,1.0,2
644,129.0,425.5,0,1,27.0,196.6,89.0,33.42,180.6,95.0,15.35,245.0,83.0,11.03,6.6,5.0,1.78,1.0,4
645,142.0,425.5,0,0,0.0,232.1,102.0,39.46,168.2,110.0,14.3,197.3,120.0,8.88,9.9,3.0,2.67,1.0,4
646,112.0,415.0,0,0,0.0,166.0,79.0,28.22,74.6,100.0,6.34,247.9,74.0,11.16,6.3,7.0,1.7,0.0,4
647,97.0,408.0,0,1,25.0,141.0,101.0,23.97,212.0,85.0,18.02,175.2,138.0,7.88,4.9,2.0,1.32,3.0,3
648,101.0,415.0,0,0,0.0,231.3,87.0,39.32,224.7,88.0,19.1,214.6,69.0,9.66,7.2,7.0,1.94,1.0,1
649,127.0,415.0,0,1,24.0,154.8,69.0,26.32,177.2,105.0,15.06,207.6,102.0,9.34,9.0,4.0,2.43,1.0,4
650,148.0,408.0,0,0,0.0,243.0,115.0,41.31,191.8,91.0,16.3,117.8,93.0,5.3,13.4,5.0,3.62,2.0,4
651,138.0,425.5,0,1,33.0,155.2,139.0,26.38,268.3,79.0,22.81,186.4,71.0,8.39,9.7,4.0,2.62,3.0,2
652,84.0,415.0,0,0,0.0,289.1,100.0,49.15,233.8,97.0,19.87,223.5,148.0,10.06,12.7,2.0,3.43,2.0,1
653,133.0,425.5,0,0,0.0,295.0,141.0,50.15,223.6,101.0,19.01,229.4,109.0,10.32,12.9,4.0,3.48,2.0,1
654,120.0,425.5,0,1,27.0,128.5,115.0,21.85,163.7,91.0,13.91,242.9,121.0,10.93,3.424999999999998,0.0,0.9174999999999998,1.0,3
655,87.0,415.0,0,0,0.0,238.0,97.0,40.46,164.5,97.0,13.98,282.5,132.0,12.71,10.6,6.0,2.86,2.0,4
656,99.0,425.5,0,0,0.0,238.4,96.0,40.53,246.5,130.0,20.95,198.4,117.0,8.93,12.4,4.0,3.35,3.0,1
657,48.0,415.0,0,1,27.0,141.1,109.0,23.99,224.7,94.0,19.1,174.3,122.0,7.84,13.2,2.0,3.56,1.0,3
658,57.0,415.0,0,0,0.0,158.1,117.0,26.88,115.2,149.0,9.79,182.4,92.0,8.21,11.8,7.0,3.19,0.0,4
659,127.0,425.5,0,0,0.0,107.9,128.0,18.34,187.0,77.0,15.9,218.5,95.0,9.83,3.424999999999998,0.0,0.9174999999999998,0.0,3
660,114.0,408.0,0,0,0.0,203.8,85.0,34.65,87.8,110.0,7.46,166.2,122.0,7.48,11.7,4.0,3.16,1.0,4
661,84.0,415.0,0,0,0.0,280.0,113.0,47.6,202.2,90.0,17.19,156.8,103.0,7.06,10.4,4.0,2.81,0.0,1
662,114.0,415.0,0,1,26.0,137.1,88.0,23.31,155.7,125.0,13.23,247.6,94.0,11.14,11.5,7.0,3.11,2.0,3
663,106.0,408.0,0,1,29.0,83.6,131.0,14.21,203.9,131.0,17.33,229.5,73.0,10.33,8.1,3.0,2.19,1.0,3
664,60.0,415.0,0,0,0.0,193.9,118.0,32.96,85.0,110.0,7.23,210.1,134.0,9.45,13.2,8.0,3.56,3.0,4
665,159.0,415.0,0,0,0.0,169.8,114.0,28.87,197.7,105.0,16.8,193.7,82.0,8.72,11.6,4.0,3.13,1.0,4
666,184.0,425.5,1,0,0.0,213.8,105.0,36.35,159.6,84.0,13.57,139.2,137.0,6.26,5.0,10.0,1.35,2.0,4
